row_id,feature_1,feature_2,feature_3,feature_4,feature_5,feature_6,feature_7,feature_8,is_anomaly
row-0000,1.17132236,-0.18565421,-0.32807236,0.60991311,-1.00678566,-1.37777169,-0.31756098,-1.41857361,0
row-0001,-0.73409363,-0.45224707,-0.49946608,1.03835420,0.57005797,1.37170316,-0.93548243,-0.13904840,0
row-0002,0.92872013,1.10998441,-1.87531252,2.01625235,0.25901580,0.95236362,0.26720227,-1.16029062,0
row-0003,1.01047434,1.12221932,-0.50296530,1.46082522,1.05026730,0.80063960,0.02245063,-0.53467153,0
row-0004,0.00083787,-1.55654061,-1.34704439,-1.12194940,-2.57854980,-0.62863880,0.08531684,1.05046029,0
row-0005,1.38240140,0.73724756,-0.01162390,1.68848059,0.65610068,-0.57266496,-0.37145715,0.93688834,0
row-0006,-0.32624322,1.72159200,0.13577852,-0.44781452,1.93970978,1.39498386,0.43207184,-0.26052298,0
row-0007,1.07386513,1.63131407,-3.44571796,0.92556098,-0.34130591,0.54507707,-0.34066733,-0.89421022,0
row-0008,-0.33425646,1.07418070,0.45830304,-2.95621793,1.37734047,0.35294992,0.75567509,0.71258195,0
row-0009,1.55518143,2.29230132,-1.02687816,-0.29139284,-1.22178160,0.37580035,-0.31975573,-2.17937755,1
row-0010,-1.33152482,-1.69473329,-1.09557557,1.39566587,0.52595628,-0.99736675,0.66677970,-0.00037849,0
row-0011,0.83920843,-0.03552389,-0.22049244,-0.96607495,0.51480179,0.52282119,-0.58046335,-0.74991226,0
row-0012,0.18369018,0.79403332,0.86614043,-0.74641081,0.78525569,0.48203814,0.25284771,-0.58251437,0
row-0013,0.30276607,2.95247456,0.37415605,0.10401053,-2.19899731,-0.24620234,1.27553460,1.16447652,0
row-0014,-0.69761218,-1.31264551,-0.99536619,0.66835608,-0.00575818,0.25806233,0.29542904,0.73835961,0
row-0015,2.76561406,0.94711420,2.46403750,-0.59431610,-0.77616346,-1.36753517,-0.78771906,-0.25592983,0
row-0016,0.23687980,-0.51668043,-1.56225235,0.43484622,0.84151737,0.46750225,2.86332032,0.19202516,0
row-0017,-0.16871008,0.41386445,-1.37982774,-0.19241845,0.32425472,-0.05617192,0.27548810,-0.24520333,1
row-0018,-0.56296537,-1.91145970,0.78844015,-1.10187942,0.70478779,0.61622653,0.61876226,1.00045922,0
row-0019,0.11241344,0.29516046,0.41205248,-1.11303199,-1.45542386,-0.89548626,0.81454700,0.85691051,0
row-0020,0.23369479,0.04722190,-0.74437577,1.22742183,1.98799430,0.37267370,2.39882393,-0.81173109,0
row-0021,0.33936055,0.24654546,0.89662607,-0.21694035,-0.97609439,-0.97636871,1.19173801,0.79281540,0
row-0022,-1.64429515,-0.10853121,1.90720053,0.74095415,-0.52423033,0.25755224,-0.13341857,0.26983064,0
row-0023,0.91024533,-0.76306588,0.08581163,0.68519228,-1.24742767,-0.60758645,2.05890952,0.39659243,0
row-0024,-1.67840855,-1.20331862,1.46807341,0.35992820,-0.95525660,-1.46294699,0.43957629,0.56592031,0
row-0025,0.20146879,0.80994107,0.92074510,1.56085953,-1.25504661,2.69711957,-0.56888705,0.83291378,0
row-0026,-0.81965004,0.64080822,0.46608599,0.78466164,0.76059951,0.20405351,0.24944630,1.88165424,0
row-0027,-2.34680616,0.79110866,1.98404405,-1.05553409,1.46166404,-0.64617806,0.21746523,0.54758614,0
row-0028,1.09984640,1.63516534,-1.44925107,0.84384644,0.53588645,-0.71551738,0.19704560,-0.27352669,0
row-0029,-0.35601345,1.21249140,0.98437879,-1.24706556,-0.02854250,0.12492948,0.41853119,0.33529412,0
row-0030,0.62611501,-0.31044842,0.23449964,1.21882200,0.40584431,-0.53605391,0.62744866,-0.82676725,0
row-0031,-0.61630022,-0.07408168,-1.43892941,-0.96094883,0.31144954,0.32612774,-2.05636981,2.10346190,0
row-0032,-1.14604961,0.21321831,1.62221988,-0.23337411,0.16646813,1.53431897,0.38280548,0.40261250,0
row-0033,-0.20071819,0.90352304,2.19647399,1.78150455,-0.41704995,0.90794972,-1.43041516,-1.28524973,0
row-0034,-1.48510953,-1.85065711,0.41687243,-1.04747420,-0.43715298,0.89213126,0.09359839,0.80147712,0
row-0035,0.09062204,2.46302070,0.74573347,-1.01410988,-0.64443372,-0.44935357,-1.49529967,-2.21793740,0
row-0036,-0.88808185,0.64221814,0.71566528,-1.57975893,-0.24240419,0.15061780,-0.96643673,0.32411861,0
row-0037,-1.71619658,-1.15315682,0.76658282,1.00478922,-0.90063911,0.50415693,0.33723591,1.13130791,0
row-0038,-1.40961690,0.32982376,-1.01357812,-0.33172942,-1.16293372,-3.28729518,-1.32276651,-0.96358381,0
row-0039,0.93330481,-0.20602300,-1.41893899,-0.25979000,-0.90324476,-1.79689347,-0.76060205,-1.63622226,0
row-0040,0.75578196,0.70738492,-0.18380883,-0.71487445,2.27286548,1.70677934,-0.19103254,-0.42804615,0
row-0041,-2.32534540,-0.95001709,-1.64998273,-0.86611783,-0.14590661,-0.81084798,-1.12074122,-0.55760059,0
row-0042,0.33682040,-0.41313315,1.16875807,0.17753510,0.23331330,0.38988681,-0.11243967,1.29746930,0
row-0043,-0.67999900,-1.16375779,0.74720781,-0.70181374,-0.73647410,-0.30244785,1.27139570,1.04142484,0
row-0044,0.26327158,0.60720239,-0.45231298,0.04945941,0.45685310,-0.54662418,0.98997502,-0.22786464,0
row-0045,1.52599334,-0.95618846,1.12174035,1.21808391,0.83155006,-0.77453575,-0.98253284,-1.36201117,0
row-0046,0.40800036,1.46127610,0.77877375,-0.41877101,-0.59425201,-0.13842894,-1.94409971,2.19412448,0
row-0047,-0.72004303,1.30734971,0.01196154,-0.10974804,0.90797905,-1.50915230,0.64774671,1.53135704,0
row-0048,0.12871090,1.22084493,-0.07127992,-1.83418497,-1.38225125,-0.56055515,0.94727483,-0.76926194,0
row-0049,-0.63660986,-1.00607100,-0.40494793,-0.02112652,0.32365860,-0.83560958,-0.17109605,-1.43547771,0
row-0050,-0.15688824,-0.45827177,0.80192636,-0.29964071,-0.58264777,-1.09402253,-0.91616089,-0.87563735,0
row-0051,0.23414115,1.30702585,2.27347297,1.59547674,-2.32008909,0.33088029,0.98277885,0.04220178,0
row-0052,-0.55027694,-1.15508572,1.64784936,-0.69850211,-0.34424861,-0.46645363,0.56708750,-0.55273469,0
row-0053,-0.35965361,0.60263524,2.52401278,-0.97169635,0.19037943,-1.51920898,-1.52966494,-1.81885874,0
row-0054,-0.08381040,0.76694387,-0.09431503,-2.87924381,0.83691606,-1.09066322,1.10967543,1.43657693,0
row-0055,-0.42683279,-2.38372373,0.56200824,-1.50610905,-1.45030158,-0.99651153,-1.20997125,-0.19559109,0
row-0056,1.08583298,1.29626798,1.43535969,0.85079976,-0.58510512,-0.58377865,-0.13689886,0.65912969,1
row-0057,-0.11076792,-1.16257545,-2.54637711,0.45015302,-0.51870157,0.11364896,0.70005636,0.76397645,1
row-0058,-1.55250145,-1.22463367,-0.24646991,0.75918722,0.10450014,0.70097949,0.01328288,0.94127785,0
row-0059,0.17787359,-0.86257171,1.93395284,0.78344589,1.12601927,-0.09832759,-0.14548671,0.61293552,0
row-0060,1.75212999,0.32677804,-3.28196593,-1.48473482,1.49482704,-2.11606987,0.70912095,-0.29372974,0
row-0061,1.77422876,-0.25590952,1.32149202,1.47154314,2.30976738,2.13198473,-0.40849083,0.32491539,0
row-0062,1.69111929,1.42413545,-3.98623194,-1.55071107,0.36710402,-0.86771093,0.44812580,0.14159257,0
row-0063,1.37425430,1.30628787,0.77537047,-1.20268985,1.43927903,0.29539531,-1.76074524,-1.55079649,0
row-0064,0.21157106,1.62258556,0.32152522,-1.40943937,0.49305997,0.52043744,-0.53899519,1.03388133,0
row-0065,-0.92276375,-0.20778016,-0.04895428,-0.54215789,0.72984517,-0.02990004,1.13353524,-0.65700990,0
row-0066,-2.12478215,-0.75838911,0.02514047,2.07709926,-2.04451201,-1.02394018,-0.13753927,-0.20076268,0
row-0067,0.23426177,-0.00611538,0.12150767,1.34332572,-0.29101298,-0.10653156,-0.80272389,1.19056491,0
row-0068,-0.27370821,-0.96545357,-0.61589193,-0.19656843,0.60642073,-0.72159215,-0.17529390,0.30460860,0
row-0069,2.46585326,2.24374761,0.08600184,0.36542411,-1.06357990,0.61547390,-0.58631795,0.49493605,0
row-0070,0.07039322,-1.05281712,0.42677531,-1.83373005,-0.41758243,0.92254291,0.30963109,-0.22450089,0
row-0071,2.29204008,1.55110095,-1.93688859,-0.48024924,-0.05914246,0.66992041,0.70905323,-0.46874604,1
row-0072,0.30016869,1.01141679,1.39227834,-0.03285315,-1.67524892,1.32484420,-0.78980116,-0.28790618,0
row-0073,-0.91884409,0.20480406,0.22735277,1.09647381,-0.51036319,-0.69071623,-1.31637130,1.59847345,0
row-0074,-1.47456175,-1.52480342,-0.95437975,-0.28781977,0.60932826,-0.11781936,0.28232137,1.08030127,0
row-0075,-0.29242747,-0.73860044,-0.89634034,-0.80386965,-0.18515194,0.63443511,0.16263585,1.28860814,0
row-0076,0.98223530,0.87465102,-0.36417867,0.09710859,-1.15406190,-0.27129033,-1.61784700,-1.57563814,0
row-0077,0.14920535,0.71687785,-0.86970697,-0.18388505,2.33896048,-1.95073893,1.17466101,-0.32343905,0
row-0078,-0.04115509,0.27673302,-0.42005710,0.54345647,0.02181015,-0.25563479,-0.27463975,0.40929020,0
row-0079,0.31626960,0.49612087,-1.94794185,-1.77463385,1.25241795,-0.76476353,1.22665581,0.12164597,0
row-0080,1.16693014,0.55052857,-1.88897788,0.03011928,0.94993156,-0.34149102,-1.00480545,0.58402033,1
row-0081,0.56333935,-0.76309410,0.20298562,1.38845029,-0.01421437,0.93545476,0.11304449,-0.38968348,0
row-0082,0.86210421,0.81663033,1.16266998,-0.57958530,1.78474773,2.70607100,1.50136386,-0.14929308,0
row-0083,-0.80955069,0.40192763,-1.44509351,0.21374642,-0.12130201,-0.39736253,0.81130863,-1.18849938,0
row-0084,0.45569999,1.15208082,0.29051423,0.63133919,-0.35147397,1.24927083,-0.89246990,-0.72625883,0
row-0085,0.68820316,-0.92345358,-0.09913234,1.22878965,-0.34318459,-0.52683247,0.10481317,-0.14345088,0
row-0086,0.55187346,0.90082508,-1.91634790,0.76055296,-0.36447788,-1.19027094,-0.50585190,0.87945092,0
row-0087,-1.93367910,-1.10170583,0.48448367,-1.76439356,-0.15040896,-0.37513360,-0.02629815,-0.92096397,0
row-0088,0.90815707,1.62665357,0.39226311,-1.01569788,-0.88266769,0.87201918,-0.17248431,-1.16418384,0
row-0089,-1.81982518,-0.69413267,-0.35558917,-0.31737860,0.52169603,1.22106866,-1.25434016,1.17682584,0
row-0090,0.32982740,0.55898058,0.49296524,-1.27599453,1.19823873,0.56224607,0.81928808,-0.28076287,0
row-0091,1.09821108,-0.14503438,-0.13179036,-0.46324022,0.90614325,0.55369856,-1.12260592,-0.42005149,0
row-0092,0.54166717,-1.02892151,-0.66807466,0.42865160,-1.94995344,1.03044328,0.08005940,0.29278505,0
row-0093,-3.77044649,-2.25244682,0.85064328,1.21222359,-0.24094040,-0.55982732,-0.09375949,0.78502896,0
row-0094,0.72807141,0.12047100,0.73229600,0.19293321,-0.92675209,1.50050072,-0.54851066,-1.38433311,0
row-0095,-0.35408950,0.16676995,1.08477360,0.04266360,0.53216877,-0.82006893,0.69805360,-0.82045992,0
row-0096,-1.09849318,-1.96440761,-0.35696266,-0.42369623,1.29196908,-0.38484757,-1.07514660,0.44261847,0
row-0097,0.39113244,2.11193748,-2.38765015,-1.94297733,0.17722130,-0.87023296,-0.33222796,1.72393043,0
row-0098,-0.22924878,-0.00794132,4.35962795,0.72812245,1.54550391,1.58887595,0.27130040,0.64240714,0
row-0099,0.17705902,-1.97088849,2.05630566,0.81686875,0.41754326,-1.43565705,0.54478847,0.65166333,0
row-0100,0.42416033,-0.86836288,0.50187436,-1.28137966,0.42466868,-1.07497106,-0.61086330,1.78985908,0
row-0101,-1.11221413,-0.51896061,2.14394352,-0.30650362,0.51211466,-1.24082877,0.41335177,-0.24655918,0
row-0102,1.12510106,0.70261763,1.30228851,-1.32719061,-0.55679068,-1.57688061,-2.07955023,-0.87493514,0
row-0103,1.82314124,1.36945955,-0.45806456,1.63199571,-1.42540372,-0.54367117,0.17523304,0.95209518,0
row-0104,-1.20797544,-1.23673699,0.14881426,1.14815711,-0.01657388,-0.63376392,2.15952223,1.61874400,0
row-0105,0.88275620,-0.23988064,-1.54799765,1.46041275,-0.91725603,-0.12240990,1.30838540,0.92106048,0
row-0106,-0.27407361,1.26400546,0.65828856,0.90750758,0.12965265,1.38707160,1.13816059,1.48586773,0
row-0107,-0.39560580,0.25782413,-0.83996999,1.22071016,-1.93731662,0.42224357,-0.44038465,-0.46754902,1
row-0108,-1.18048760,-0.55037239,-1.99598008,-1.00682447,0.33011203,0.69515877,0.01944202,-0.27633863,0
row-0109,1.81578287,-0.18331922,-0.34988538,-1.18126115,-0.44062993,0.49480441,1.12448614,0.97832089,0
row-0110,-2.46518873,-2.20057972,2.30274546,-0.38448224,0.30785386,-0.66153079,0.88704070,0.69997875,0
row-0111,1.84794742,-1.20212751,-2.04734302,-0.80152120,-0.28548048,0.68089803,0.71728255,0.64815103,0
row-0112,1.20275842,-0.63712004,-1.13205596,-1.02243835,0.53692960,-2.18132310,-0.52193961,0.55925845,0
row-0113,0.04875869,0.53341740,0.94365311,1.77288692,-1.46532575,-1.36584523,1.09906458,-0.34309710,0
row-0114,1.02744943,-1.11464045,-0.77031549,-0.97887485,0.62870722,-0.26845579,-1.04946283,0.64136700,0
row-0115,1.27091462,0.10751870,0.20837225,0.14558766,-0.41913602,1.69095265,-1.57659267,-0.68991628,0
row-0116,0.08110197,-0.67042887,-0.41056472,-2.65379081,-1.02017063,-1.62322326,-0.43906193,0.06778715,1
row-0117,-0.92201967,0.27789881,0.39765754,-1.45063516,0.03161573,2.03834329,0.76496019,0.15706471,0
row-0118,0.03275946,0.52468076,-0.54990420,0.26023470,-0.63514892,-0.11885498,-1.52402674,0.88200174,0
row-0119,-1.98591669,-0.13278491,0.96390207,-1.78898807,0.44351782,-1.22130172,-1.32030484,-0.27152610,0
row-0120,3.18041121,0.60952695,0.70142117,1.14863413,-0.35417714,1.48769880,-1.07866023,1.09667627,0
row-0121,1.03046154,1.06164127,-0.90112057,1.43921995,-0.16033362,-0.50893293,0.53497731,0.70092836,0
row-0122,1.47404539,-0.41192971,0.36549409,-0.94686731,-1.03930701,-0.28051714,0.27991033,0.47338257,0
row-0123,-2.66788532,-0.19723606,0.05519469,-1.92608872,-1.11060060,0.32496364,-1.75444959,-0.99278136,0
row-0124,-0.01822670,1.57523133,-0.39858296,-0.63351369,-1.84236734,0.28506094,-0.96581168,1.82929870,0
row-0125,-1.03322018,-0.23059285,-0.10449832,1.23106551,1.33379235,1.43101455,0.50514689,-2.05824663,0
row-0126,-0.20575126,-1.31964518,-1.50351836,2.29065176,0.23515168,0.60348882,0.92483465,1.05527117,0
row-0127,1.58887499,-0.09719890,0.71541902,-0.57193543,1.44122277,-1.45170411,0.78748975,0.52325437,0
row-0128,3.08286879,1.58042044,-1.55584627,-0.83347004,-1.34210993,0.03480888,-1.05845621,0.37582249,1
row-0129,0.31132633,0.56200272,-1.22883732,-0.67214381,-0.11973753,0.04305134,-0.28119050,0.42183956,0
row-0130,0.09573939,-0.02556744,-0.38098933,1.53305593,0.96389252,0.76296462,0.57812644,-0.29916599,0
row-0131,1.52805028,-1.22307224,-1.50946293,-1.16804079,1.17013808,0.53642732,-0.46059800,-0.38259856,0
row-0132,0.00667997,-0.31217929,-2.26597765,-0.80588322,-0.72022303,0.43534305,2.08533945,0.32677084,0
row-0133,0.30761385,-0.64687279,-1.95566199,0.75961416,0.02000620,1.43831089,0.01561168,1.35548489,0
row-0134,-0.75168404,0.11425941,-0.01876347,1.16997921,-1.67430903,0.37758480,1.31337311,0.37495282,0
row-0135,0.12711044,-0.74396644,-0.24099588,-0.71188258,-0.55989222,0.48810157,-0.24820255,-0.29277024,0
row-0136,0.04405062,-0.47719050,0.67549447,-1.44805195,1.24720318,-1.10507950,0.59973772,0.52638001,0
row-0137,1.28934069,0.66790509,-0.65553007,-0.08696290,0.48314680,2.20988033,0.95550678,-0.31924830,0
row-0138,0.79454090,-0.13859449,-0.96853328,-1.16920004,0.82417287,-0.55959796,-0.13492545,0.35105766,0
row-0139,3.23771377,-0.27250199,-0.17865503,1.03690237,-1.65319095,-0.87722211,-0.84498642,-1.16056153,1
row-0140,0.35176244,0.42988455,-0.03633889,0.07885388,2.27253480,1.02694063,0.91674603,1.39346349,0
row-0141,0.24738538,-0.16929514,0.34475554,0.04318802,1.16834533,0.08346554,-0.68898462,0.99080795,0
row-0142,-0.18091691,-0.91505316,1.14952083,1.13785711,-1.16009219,1.58180924,1.44948242,-0.53923134,0
row-0143,0.33235054,0.52151086,1.07118517,-0.21941531,-1.19543132,0.02894171,1.86172726,0.67607115,0
row-0144,1.92216611,1.38891168,-3.07774034,0.07281089,-0.63985728,-0.00415245,-0.07159873,0.09923515,1
row-0145,0.56194377,0.18565241,0.66680776,-0.30175199,0.26005547,-0.06617531,0.51831978,-1.49499733,0
row-0146,-0.84189756,-0.25447435,2.64641424,-0.79557057,1.69246356,-0.45419942,-0.21910858,-0.15242363,0
row-0147,-0.14006260,0.98320783,1.21324008,0.28808757,1.43542683,-1.39995067,0.12705825,-0.85323333,0
row-0148,1.37387336,0.09786010,0.19709372,0.35288214,-1.60198705,0.04464322,0.95739482,3.44217865,0
row-0149,-0.41786350,-2.03300791,-1.57040984,-0.51418519,1.35770752,1.88277771,1.23484699,0.18692263,0
row-0150,-1.87975662,0.19459638,0.56492679,0.05448403,-0.97011462,-0.06413199,-0.85487537,0.79374083,0
row-0151,1.07030379,3.15182759,-0.77167427,-0.09508540,-0.05582438,0.29439724,0.22447565,1.91958013,0
row-0152,-0.98808922,-2.87528316,1.37941199,-1.03708391,-0.57669843,-0.65175176,-0.76034857,-0.30048908,0
row-0153,0.84670849,0.28677061,-1.08270002,2.18450619,0.69319807,-0.44776584,0.43740257,-0.77361228,1
row-0154,-0.53754862,0.01898138,0.14214695,0.06064606,-0.47653204,0.86066536,0.67331590,-0.19863708,0
row-0155,-0.34253884,1.66010324,-1.40508638,0.33196687,0.26136568,-0.34818757,0.30154709,-0.79655411,0
row-0156,-1.36065867,0.16239183,2.30658245,0.93972067,1.26517659,0.98483943,-0.19814917,0.80309669,0
row-0157,0.45270482,-0.38052095,1.93552928,-0.58219502,-1.18663291,-0.43526440,0.38391872,0.25994326,0
row-0158,-0.22898325,1.71032649,0.65517832,0.11512665,0.65450056,-1.23513437,0.89049731,0.38718415,0
row-0159,-1.59593568,-1.26250482,3.43684075,1.55455781,0.46466052,1.36416029,0.15991163,-0.40914914,0
row-0160,-0.07344417,2.44566104,1.30663976,2.15703527,0.71043099,-1.46602802,0.65467181,-0.98200011,0
row-0161,-0.60403171,0.43236517,0.72778458,-0.43689399,-0.53496456,0.18876745,-1.04432728,-0.91033064,0
row-0162,-1.41141984,0.35100818,-0.49024005,0.83722712,0.51465793,-1.25381721,0.69716262,0.22122339,0
row-0163,0.21482154,-0.55331337,1.43397067,0.12018845,-0.26076301,-1.11294306,0.18020077,-0.90045582,0
row-0164,-1.07192071,-0.59436009,0.65424377,-0.19987673,-0.13975714,0.30224323,-0.75382331,0.40695580,0
row-0165,-1.67454300,0.29630114,0.59702981,0.58630151,0.01000258,0.74283889,-1.73055214,-0.37189059,0
row-0166,-1.40842995,1.14301526,-0.39495792,0.98580226,-0.10780152,2.83702699,-1.22333326,0.33884413,0
row-0167,1.39315595,2.82113028,-1.88057669,1.33760799,-0.46841710,-0.89145984,-0.50439179,-0.22831937,1
row-0168,1.34933879,2.24601826,-3.61301721,-0.59972691,-0.16254725,0.33039330,0.08033931,-0.16108432,0
row-0169,-0.78658497,0.04003882,-1.44269190,-1.19108018,-0.33744398,0.52616308,0.65122432,-1.90502117,0
row-0170,0.68126031,0.21316832,-0.84665070,0.93737735,0.78464274,-0.25642934,0.29126811,-0.41510749,0
row-0171,-1.99606379,-1.45554421,-0.61569452,2.45000150,-0.11858966,-1.06509168,-0.74079659,-0.88710722,0
row-0172,0.42896603,-2.39229360,-0.55520605,-0.70975328,-0.61557197,-0.92904149,-1.58296852,-1.17496284,0
row-0173,0.99650326,1.38946459,1.14856237,0.01757799,-1.74977272,-0.86177366,0.16896945,-1.28363370,0
row-0174,0.95985592,0.75012770,-1.59144410,-0.29969508,-0.36063647,-0.89665149,0.02149684,0.81480830,0
row-0175,-0.01775857,1.59193708,1.77118111,-0.42691037,-0.77858260,-1.41675456,-0.07768191,0.12995236,0
row-0176,1.50134067,-0.76838353,1.36905885,-0.05806376,-0.30873759,-0.96558438,0.39484902,0.51879233,0
row-0177,1.40818228,-0.00319641,-1.91171432,1.32561486,0.31653594,-1.27497762,0.03701969,-0.71408572,0
row-0178,-1.30366460,-0.99903800,0.90047215,-0.03286035,0.46922169,-1.14105178,1.75364952,0.20968781,0
row-0179,2.27038036,-0.75342972,-1.84440841,2.47225235,1.22306446,-0.97073048,-1.32272100,0.60904389,0
row-0180,-1.33343467,0.26291361,0.74255754,1.01282641,-0.16434266,-2.14896265,-0.76016357,-1.42360756,0
row-0181,-0.46554949,0.17260089,-0.90320386,0.78727370,-0.33426166,0.01903121,0.42814757,0.01026635,0
row-0182,-0.31207867,-0.00916779,-0.25237826,0.38098944,1.37408982,1.12106856,-0.16273159,1.31124758,0
row-0183,-0.40197151,1.19979373,-0.73014046,1.42670926,-0.73235550,0.62527492,-0.47246050,0.43566467,0
row-0184,2.50778257,1.43887879,0.94585605,-0.22643980,-0.42485812,-0.14884466,-0.42573722,-0.89400569,1
row-0185,-2.66304694,-0.24272908,0.84601915,0.35121130,-0.92271838,0.79203387,1.48890510,-0.32664951,0
row-0186,0.82046514,0.91675980,0.32255226,-1.54840827,1.20411999,1.27053316,0.28172294,-1.29460703,0
row-0187,0.28383522,-0.15719918,1.20917946,-0.34226546,0.57413078,-0.19029663,0.15519378,0.63568811,0
row-0188,0.46984491,-0.00128166,-0.86931486,0.24909167,-0.50794199,-0.72588968,-0.49363192,-0.26019610,0
row-0189,-0.97931852,-0.59434345,-1.15504326,-0.63319351,-2.21492398,-0.27540224,1.54795870,0.12049415,0
row-0190,-2.17127999,-0.60803961,1.15036037,-1.20798934,-0.53717010,0.44836375,-0.10071921,1.36981723,0
row-0191,1.40713511,-1.21004859,1.11011284,-1.40258386,-0.12937722,1.45273974,-1.01799981,-0.49493713,0
row-0192,1.14949388,-0.77914777,-1.36303571,-0.81844472,0.58122650,1.10957046,-1.05571618,1.08155479,0
row-0193,0.26175201,1.20101147,-1.19798989,1.51267942,-0.71886001,1.78446229,0.95563386,-1.18160480,0
row-0194,0.61584686,-0.01863080,1.37031775,0.13232302,-0.86969597,-0.18101836,-1.35087591,0.91421383,0
row-0195,1.23071303,-0.12707059,-1.60704140,0.11752386,-0.23886187,0.24215562,0.09496143,-0.35597750,0
row-0196,0.25678268,0.92850261,-1.81358070,-0.26118318,-0.45837687,0.47387846,-0.47280448,0.24253043,1
row-0197,0.76542625,0.35960348,0.28550468,0.90997784,-0.98041567,0.22420937,1.33881749,-0.70270162,0
row-0198,0.92635463,-2.35697734,0.89974567,-1.24996571,0.20133943,-1.06435068,1.58215221,-0.10252962,0
row-0199,3.28163789,2.31963798,0.48683746,0.90191754,-0.07058145,-0.68239185,0.12786648,0.70265484,1
row-0200,1.43905586,-1.71994996,-0.37833494,1.48199326,-0.31041963,-0.52573607,0.08632820,0.83365508,0
row-0201,1.75987997,2.46464103,0.83149971,-0.55361371,-0.20269003,-0.77661353,1.54706016,-1.19252104,0
row-0202,-0.54443089,-0.86520666,1.60224647,-0.94531715,-0.92890203,3.86079780,0.17836495,1.87018992,0
row-0203,-1.33232229,-0.78535007,-0.14072880,1.48686468,-0.89947487,0.10366187,-0.14688995,0.87459402,0
row-0204,0.83460762,1.21493169,-0.34978171,0.45584165,1.11754270,0.02082080,0.34127211,1.13789862,0
row-0205,-1.96596501,-0.49923398,0.87116859,0.17491148,-0.83704242,0.01381832,0.84907280,-0.56224134,0
row-0206,-1.09869247,1.76195911,-0.01163947,-0.87345888,1.31764593,-0.55554035,-1.31351831,-2.34923706,0
row-0207,-0.03833903,0.90876274,0.59551293,1.28295594,-0.77882907,-0.29848570,-1.61592130,0.30004428,0
row-0208,-1.14681713,1.92804212,-1.29161346,1.17717055,-0.85989330,0.12332048,0.70019010,0.72186681,0
row-0209,-0.20711030,-1.15761282,-0.67728806,-0.57173594,0.24529380,0.22399446,-0.87519103,-0.98515651,0
row-0210,-1.40392254,-0.40216364,0.93282007,-0.51821651,-1.11391639,-1.72912681,1.05055642,1.82256397,0
row-0211,1.31694018,4.23987894,1.25938656,-1.83204193,1.23818738,1.56000406,0.17395853,0.37184201,0
row-0212,0.45538688,-1.15450239,1.07934423,-0.65460779,0.20339689,0.19314077,-1.29616988,0.95430649,0
row-0213,1.54494569,0.51280714,-1.80141909,0.42856584,-1.02783008,0.49136975,1.23486570,0.03623772,0
row-0214,-2.11948210,1.10143192,-1.01269714,-0.18654681,-0.03684308,1.62596472,0.04213950,0.30415772,0
row-0215,1.89165225,1.84769197,-1.95243570,-0.01792111,0.28054862,0.12200539,1.04599027,-0.35106343,0
row-0216,-1.32498524,-2.23942081,1.28292354,2.22357773,2.48381078,-1.66221701,0.10270439,1.11057343,0
row-0217,1.93072664,1.13052889,-0.42572667,2.85780738,0.05082509,0.20428088,-0.51248733,-0.01492451,0
row-0218,-1.71867538,-1.31259845,1.32538955,0.18597360,-1.38461154,-0.26049495,-0.17446956,1.47970981,0
row-0219,1.54998605,0.98446852,-1.12823221,0.17607924,-0.02676612,1.55554585,0.41994918,1.46243362,0
row-0220,1.08922604,1.70661450,0.26862533,-1.11345337,-1.08305835,-1.86727122,1.04455495,-1.38308260,0
row-0221,-0.36909495,1.64523729,-1.45690551,0.01946765,0.32982856,-1.85818142,0.92792999,-0.15822896,0
row-0222,-0.26055161,-2.44573686,-0.47028141,-0.43338762,-1.05952035,0.01557146,0.15943737,0.41007904,0
row-0223,-0.52557880,-0.34479087,1.68882984,-0.54311903,1.42862733,0.72846721,1.18813357,-0.80986462,0
row-0224,-2.09653472,-1.88369201,1.67642263,0.78714313,-1.87765360,0.56627290,-0.75669026,-0.46790953,0
row-0225,0.14866772,0.63839569,0.59039159,-0.08867441,0.93129653,1.10289931,-1.00612118,1.86717231,0
row-0226,0.59410244,0.42888898,-1.43576020,-0.27048940,0.41052764,-0.89445905,0.64771638,0.78482707,0
row-0227,-2.09135127,-0.77696217,1.15837537,-0.39627523,1.08349643,1.19092103,1.91588621,-0.22286504,0
row-0228,2.75085742,-0.06478499,-0.71985737,-1.27230904,0.52081066,0.25052524,-1.35182565,1.33799305,0
row-0229,-1.79010167,-3.18286041,-0.48330185,0.12280504,0.82013463,-0.69962448,1.34485838,0.56535338,0
row-0230,2.12479226,-0.22456151,-1.28567309,-0.11682278,-0.70250914,1.95409526,-0.55759326,-1.51579802,0
row-0231,-0.77107018,-0.84836699,-0.09301356,-1.13454170,-0.73899816,-1.22678523,1.11278944,1.50470541,0
row-0232,0.42457652,3.07874899,-0.34875451,-1.12495562,-0.03936935,-0.60113817,0.01573532,0.00790048,0
row-0233,-1.17398178,0.08983862,-0.95010600,-0.05504122,-1.33284009,1.27326544,0.95356447,0.51513911,0
row-0234,-0.52747185,-1.14101210,0.20173109,1.64155948,-0.20035233,1.01011137,0.11324656,1.23029400,0
row-0235,0.89170981,-1.37660068,1.38447976,-0.32673601,0.99108998,-0.81873839,-0.62274368,-0.91135446,0
row-0236,0.16948410,0.07703860,-1.43387756,-0.84128618,1.48635415,-1.28512203,-0.93309330,-0.71704505,0
row-0237,1.73135161,1.42466720,0.61473477,0.01292989,-1.19759093,-1.33558195,-0.92458754,-0.28565266,0
row-0238,2.66368284,-0.68398670,-0.73944037,-0.04825916,-1.02482336,-0.01779575,0.66015149,1.41916030,0
row-0239,1.64543315,2.76394154,-0.30825232,0.84560832,0.01385774,-0.30828628,-0.99995046,-1.10925519,0
row-0240,2.61341670,-0.23120544,-0.36560279,-2.57600502,-0.06795570,1.63194806,0.04448832,-1.00595094,0
row-0241,-1.81585889,-1.40291748,0.64340616,-2.15370113,-0.22079366,-0.57682280,0.18635790,-0.42884157,0
row-0242,-1.60516687,-1.42531772,2.41855023,-1.19533100,0.67025889,-0.26695619,-0.70668768,-0.73407487,0
row-0243,1.42703161,2.99737166,0.06631843,1.33669343,0.70602758,-0.78434788,0.69549683,-1.05051036,1
row-0244,0.48933899,-1.10783685,0.06493055,0.39646928,1.53265453,-0.87426551,-2.07777173,1.05828030,0
row-0245,1.62918240,0.71869806,-2.09303358,-0.37551988,-0.41699261,-1.63915187,-1.22231973,-0.50432494,0
row-0246,1.05673659,0.06038369,-2.80722543,-2.00281033,-0.43320621,-0.14164002,0.07512405,0.76816124,0
row-0247,0.84923140,0.53683234,-0.50917130,1.74478722,1.50852035,-0.15664453,0.21680263,0.28474071,0
row-0248,-0.35017860,-0.80993154,-0.33758807,-1.32282973,0.40609590,-0.57947163,-1.14662995,0.23199096,0
row-0249,0.73743492,1.76600754,-0.21986237,-1.47712539,-0.10886062,-0.29049595,-0.76377022,0.70306739,0
row-0250,-0.74710473,0.57735157,-0.25822627,-0.02679223,-0.67327726,1.34805481,-1.45648119,-0.66971761,0
row-0251,-0.53626657,-0.99631633,-1.11322660,0.98413743,-0.04795767,-0.65968120,-0.10294040,-0.64768848,0
row-0252,-2.03827919,0.38482967,2.62984586,-0.04719695,-0.50196725,0.78281329,0.20432088,-0.05292998,0
row-0253,0.63529175,0.32538714,-2.82752448,0.49443863,2.22578584,0.57059912,-1.41416450,-0.98568815,0
row-0254,-2.38101153,-1.50856857,2.52255527,-0.36987068,-0.12058996,-0.32081341,-1.17797446,1.16861313,0
row-0255,-0.22393163,-0.80063902,-0.91546236,-0.27177313,-1.21226731,1.68177407,-0.46452967,-0.76704208,0
row-0256,1.10675740,-1.29945687,-0.51350710,-1.54774754,-0.62786113,-0.29192361,-0.39810503,-0.42064532,0
row-0257,0.80833342,-0.44354528,-0.91813766,0.58507175,0.53783076,-0.64506592,0.14043365,-0.47004523,1
row-0258,2.38594521,2.02020425,-0.38665004,0.45433027,-1.39186733,-1.15333527,-0.06336716,-0.41765049,1
row-0259,1.25773115,1.34823606,1.72313341,1.51356635,0.18021065,-1.22117068,-0.48058553,-0.49240392,0
row-0260,-0.85305759,-1.08320645,-1.68288633,0.51754781,1.80593199,1.18918777,-1.13603917,-1.69181717,0
row-0261,1.75552366,1.17678198,1.36348923,0.23621180,0.37905028,0.09197558,0.33306278,0.68522100,0
row-0262,2.27430670,2.04194050,-1.43620820,-0.97047419,0.30775488,-0.40257905,0.90823466,0.08008438,0
row-0263,0.02329612,-0.30364460,-0.04534890,-0.30513980,0.54468296,-0.76728124,-0.82722604,-0.01474694,0
row-0264,-1.47793811,-0.82463309,2.73330383,-1.36589515,1.26001957,0.57217367,0.11220307,0.31192856,0
row-0265,2.05049068,-0.72322729,-1.24880511,1.36167189,-0.62097360,1.99367487,1.96181755,-0.43379155,0
row-0266,-3.01272252,0.98143230,0.90838145,0.18426235,0.22669105,-0.89832853,-0.44161758,-0.40316140,0
row-0267,0.18227703,1.50633731,-0.05223661,-0.68194746,1.61951783,-1.09130589,0.39885891,0.49756967,0
row-0268,-0.95023570,0.72419608,1.36502639,-0.30498388,-0.13722743,0.01988229,-3.03731597,-1.37132094,0
row-0269,0.56857851,0.35777802,0.21417337,0.66319927,-2.15169568,-1.19341316,-0.93003173,1.16629053,0
row-0270,0.69111176,0.64938900,0.26662311,-0.88868357,0.07915589,-0.82869763,-1.29540036,0.74452430,0
row-0271,1.72928051,-1.61965893,-0.06242626,0.75604826,0.35067693,-1.53883027,-0.50976530,-0.62285310,0
row-0272,-0.08374379,-1.23127306,1.57526211,-1.62586115,0.58121846,-0.47844041,0.03925344,-0.25235938,0
row-0273,-0.59602529,1.60760310,0.72813839,-0.41739497,-0.14487093,-1.39618182,-0.29831788,-2.08906758,0
row-0274,-0.03140076,1.08380517,-1.74997188,0.08324332,-0.68667062,0.75657483,0.17740108,0.97937542,0
row-0275,-1.01128488,-1.00580849,-1.42421280,1.31761260,-1.66837489,-1.05292151,0.78609621,0.87911595,0
row-0276,1.18563949,1.29814943,-0.34660399,2.75956832,-0.63506275,-0.67635886,-1.54065672,0.37434974,0
row-0277,-0.43113957,-0.20483329,0.20221437,-0.40450840,-0.26698933,-2.35121968,1.63877825,0.42537769,0
row-0278,0.67349366,0.21174341,1.58174954,-1.75949604,-0.19856205,-1.70566518,1.44581747,0.20993292,0
row-0279,-0.40172194,-0.51041406,1.62481504,-0.27913652,-0.24209084,1.62796916,-1.14409653,-0.61622098,0
row-0280,-0.18499381,-2.30926194,-0.88251207,0.67206629,0.35766738,0.69974845,-0.12133699,-1.53032795,0
row-0281,0.28017535,2.18671591,-0.41803400,-0.07490650,0.79423418,-0.72695757,0.15074675,1.19272689,0
row-0282,0.31019648,0.66945458,1.30218717,0.60078771,-1.34283709,-0.76954461,0.45763225,1.13527598,0
row-0283,1.23610154,1.73670769,-1.79582069,-0.52173612,-0.17920015,0.52271942,-0.44992326,-0.29492825,1
row-0284,-2.22315988,-1.10443421,1.57797596,1.06546950,-0.56459253,-2.18675240,1.47696783,-1.33227417,0
row-0285,-1.75433985,-2.93172471,1.50793079,-0.22734898,-0.88556835,-0.70061841,-0.69910678,0.08088170,0
row-0286,-0.24866249,-1.81192932,-0.69743567,-0.85502039,-0.83601911,0.75186217,1.32243166,1.19014508,0
row-0287,0.03222331,-0.03345503,0.45135416,0.13495599,-2.16890615,-0.31162006,-0.75016504,-1.71480941,0
row-0288,-0.78110170,0.75806386,-0.61652802,0.88559956,-0.85548394,0.00662291,-0.44226771,-1.16179726,0
row-0289,-1.85099131,-1.28271912,2.43973109,-0.57450161,-0.94959541,0.43598509,1.09247665,-1.09489140,0
row-0290,-1.36528810,-3.19114600,1.27585111,-1.06694061,1.45851506,1.59485821,-1.04248568,-0.93469859,0
row-0291,-0.52084883,1.36412530,0.63103604,-0.22401388,-1.02132614,-0.72542296,-0.00513404,0.10460676,0
row-0292,-0.09431930,-1.20238760,-0.18567366,-0.47961058,0.47943052,0.34300238,-0.96628344,0.82620178,0
row-0293,0.15239700,0.06015539,-1.70937963,-0.29006824,-2.36469581,-2.00377958,-0.53962158,0.40540250,0
row-0294,-1.51724139,-0.29226589,1.87353902,-2.97314248,0.30443062,-1.52386602,-0.80869943,-0.43721811,0
row-0295,0.57325312,-0.15227291,0.08099258,1.73424577,0.43653876,-0.14413253,-1.75380958,-0.09202608,0
row-0296,-0.54907379,0.17272144,-0.54641354,-1.09012730,0.91222118,0.62369828,-1.75416654,-1.33278304,0
row-0297,0.73824072,0.57881040,-1.15762789,0.99410776,-0.36867740,-2.28084735,-1.18564497,0.85410321,0
row-0298,1.29508457,1.20334716,0.96205048,0.52842329,1.04147137,1.94541296,0.13111535,1.09584300,0
row-0299,-0.06258864,1.28964327,-1.44488431,-0.10254573,-1.12194802,-0.99151299,-0.92813150,1.12565736,0
row-0300,0.37254655,0.13105164,0.88546155,-0.49316807,-0.89257461,0.05405663,0.16747986,-0.64440040,0
row-0301,-3.29737428,-1.99732228,-0.28134169,-0.47999202,-1.05695715,1.50439839,0.38112647,2.53998196,0
row-0302,-0.76249753,-0.06344755,0.50817448,-1.27798087,-0.05011627,-0.91137156,-0.01815005,0.89009408,0
row-0303,0.75988711,1.80455388,-0.17772141,-0.73075320,-0.91074042,0.34238449,-0.74271717,0.07666376,0
row-0304,0.17300679,-1.53379189,-1.66827832,0.74225479,-0.87435845,-0.04823897,0.98101306,0.16970360,0
row-0305,0.15864375,-1.31522934,-1.15767405,0.78803667,-1.71470089,-0.34509606,-0.06895274,0.82012541,1
row-0306,-0.59863164,-1.63153781,1.84075043,0.37702214,0.78181758,0.25624106,1.28047789,0.67873662,0
row-0307,1.95152569,0.78169632,-0.82031821,-0.72931029,0.03918396,0.78443453,0.24727250,1.88195499,0
row-0308,-0.11829654,0.43041495,-0.78890029,2.19984634,1.18229352,-0.11516600,0.00531153,1.56922561,0
row-0309,-1.55180019,-2.16468456,0.04520810,1.95926348,0.95852428,-0.88898986,-0.09836822,0.62788726,0
row-0310,-0.78661899,-1.25932097,1.04298013,0.84591348,0.88114149,-2.09892267,1.09993583,0.90444482,0
row-0311,1.01702799,-1.19849831,-0.63091745,0.13457441,-0.86527056,-0.09940901,1.49535281,0.07917152,0
row-0312,-0.09730027,-1.51798862,1.83963300,0.30044192,0.72087433,-0.30690382,2.50424171,-0.35202417,0
row-0313,-0.16257660,0.85142653,-0.25131215,-0.95306521,-0.88800522,0.64013543,-2.50875225,-1.20778533,0
row-0314,-1.98421282,-0.83178770,-1.59389556,-1.85193249,-0.67120984,0.59648174,1.69217611,-0.08141374,0
row-0315,-0.34566603,-0.72622957,2.10907173,1.58213182,-0.84222802,-0.90427680,-0.46344971,1.05768288,0
row-0316,1.47107635,0.42772480,0.15435333,0.36085631,0.59591681,-0.05150373,1.91041822,1.35886799,0
row-0317,0.89633727,1.60136668,-2.34531726,-0.64412868,-0.57442869,0.85514634,-0.89515459,1.21448757,0
row-0318,-1.63907225,-1.45512732,-0.58923668,0.81158045,-0.10577569,-0.54321575,1.06462746,0.16853123,0
row-0319,-0.16387025,-0.10037565,-2.14657579,0.56556917,0.96781770,-1.05349886,0.94309381,-0.45420480,0
row-0320,-1.27083836,-0.20402098,0.14149141,-0.48129344,0.72152787,-0.90113183,-1.29100810,-0.79125255,0
row-0321,0.37808298,-1.56199960,2.00100893,-0.62302332,-1.08449784,-0.14348648,0.97425932,1.70353168,0
row-0322,0.90489225,0.34479916,1.55697831,-0.00112454,-0.68767052,-0.35763238,0.27011815,1.04405791,0
row-0323,2.02677994,1.13808576,-4.02114951,-0.19901312,0.90205478,0.84301815,1.99867421,1.17036817,1
row-0324,-0.21025177,-0.47329056,-0.90883080,0.85723066,0.87257446,0.12798999,0.23493435,-1.38200773,0
row-0325,2.29328225,0.37255846,0.90057365,-1.69466583,-0.51394012,-0.16181099,1.18032855,-0.39596332,0
row-0326,-1.37679414,-0.66454595,-1.78851223,-1.31141499,0.56772133,-2.13995277,-0.46119999,-0.71306840,0
row-0327,0.62678568,0.51544448,-0.58637214,0.30493265,1.21461732,0.08067681,0.02819663,-0.54061593,0
row-0328,0.62025987,-0.64186251,-1.04182016,0.02901405,-0.84344269,0.17803152,-1.77958737,-1.46372435,0
row-0329,-1.48469165,-0.90819330,1.38150061,-0.72319699,0.00103411,1.58432824,-1.14155383,-1.49075352,0
row-0330,0.37414666,-0.79862319,-0.97708430,0.42558862,-1.31097415,-0.27488970,-0.74764536,-0.73390374,0
row-0331,0.20308192,0.82300308,0.41182949,0.52604628,0.64780775,0.70457089,-1.48489251,0.45408478,1
row-0332,-0.84506462,0.91071195,2.81552756,2.65276465,0.37126943,-0.10358812,0.50638118,-0.11886855,0
row-0333,0.15742509,0.12637968,0.21090443,1.02205887,0.26147180,-1.14521620,-1.06760266,1.11706724,0
row-0334,0.46161442,0.28261041,-0.81863362,-0.10333053,0.99291062,-0.60993048,-0.16971173,0.60150114,0
row-0335,-0.55028111,-0.21572478,1.95117545,-0.25170048,-2.03486492,1.79857222,0.05755083,3.22732396,0
row-0336,1.67288361,1.58857682,0.65093483,0.25627855,0.95918740,2.27683830,-0.56611796,0.87679090,0
row-0337,1.32392643,-0.31357555,0.22933290,0.79543971,-0.28545149,0.90134643,1.40367951,0.47652611,0
row-0338,0.63139127,0.34679516,-0.28462870,0.36498098,-1.27447323,-0.59203810,0.45443478,1.29393249,0
row-0339,-0.67325828,-1.60218662,1.18969350,1.41961621,0.00945140,1.17723485,-0.35604400,-0.83635384,0
row-0340,1.41776422,2.03184092,-0.44899981,0.70386005,1.02070858,0.90331478,0.72268255,-0.52053412,0
row-0341,0.74184897,0.08873824,0.80668668,-1.02196821,0.96535479,0.13029840,-0.12168330,-0.74994321,0
row-0342,1.80656891,-0.10325533,-1.25778599,-1.29080743,0.08046167,-0.85139971,-0.23937212,-1.97164147,0
row-0343,-0.81488363,-0.87566551,0.52460170,1.04062712,-1.75739547,0.57853946,-1.06287366,-0.28436161,0
row-0344,-0.68634181,-0.07752924,-2.36262363,-0.69469792,-0.65018822,-0.64031776,-0.60279401,2.40959303,0
row-0345,1.21764472,0.12031943,-1.26995219,-1.55593266,0.46228844,0.67231568,-0.74381148,0.47331958,0
row-0346,1.83195834,3.11281555,0.10089648,0.10927908,0.22716628,0.51017818,0.40639387,1.40431267,0
row-0347,-0.38107885,0.94663473,-1.18806711,-0.93850322,0.67291819,0.21437811,-0.03256988,-0.15900999,0
row-0348,0.76289718,2.60012578,-1.54571696,-1.39869002,0.28453386,-1.05885237,1.26487509,1.43482879,0
row-0349,-1.10912173,-1.15962623,-0.41139104,-0.82264651,-0.18678345,-1.88736708,0.61548796,0.32804293,0
row-0350,-0.50085943,-0.20359209,1.30680184,0.51167897,1.37022421,-2.19652188,-1.03407120,-1.19294661,0
row-0351,-0.48997078,-2.02566196,-1.23166720,-0.69327177,-0.31002893,-1.00890185,1.40735304,1.07899731,0
row-0352,-1.40200044,-1.46738474,-0.57242008,-1.88448487,-1.36763450,1.03396935,-0.72683171,1.93010832,0
row-0353,-0.94339449,0.71449787,0.46684993,-0.78473903,0.07317628,1.25392007,-0.89424361,0.89353509,0
row-0354,-0.74034838,-2.44552878,0.83781350,0.26562327,0.00032650,-0.03897580,0.17707195,1.38955135,0
row-0355,3.73937019,1.22351216,-0.57919171,0.84855232,0.32305617,-2.37429724,0.98456271,-2.01494861,0
row-0356,-1.36615825,-1.30875085,0.43565635,-0.56466215,0.14358291,-0.19742179,2.09016130,0.00069182,0
row-0357,1.71639803,2.64931243,-1.70862413,0.00557201,0.58388070,0.41316340,-1.15059423,0.12678405,1
row-0358,0.56215923,1.06769632,-1.07360856,-0.17289844,-0.21513196,0.35136729,-0.91520834,0.42481567,0
row-0359,-1.74849338,1.09835757,-1.84141683,1.22575323,1.04650912,1.17854216,-0.02838365,-1.94589019,1
row-0360,0.81672359,0.66928012,-0.90971812,-0.86683297,-0.13385214,-0.81669557,-0.35288517,-0.18587987,0
row-0361,-1.73918752,-3.43961076,2.08174815,-0.30255246,-0.38683973,-0.19788559,-1.59875001,0.72869880,0
row-0362,1.08542612,-1.25609250,0.00435553,-0.74502213,-0.23254599,-0.85797067,0.63556656,-0.54513642,0
row-0363,-0.84919253,-0.16861241,-0.95586421,1.09569256,-3.36713705,-1.28091445,-0.73633747,-0.11305957,1
row-0364,0.68303306,-0.59793697,-1.26748752,0.78550445,0.67113919,-0.43074933,0.48693602,-0.81687998,0
row-0365,1.26609184,0.24249144,-1.80239575,1.50403115,0.45501418,-1.32096513,-2.11440295,0.83003774,0
row-0366,1.29189826,1.00953404,1.39655298,1.40767476,0.84224902,0.06082520,1.39167214,1.13323631,0
row-0367,1.35149440,1.95043815,-0.44248078,-0.80409950,-0.88341598,0.16168284,-0.04327372,-0.68871280,0
row-0368,-1.95490488,-2.44863125,0.33400449,1.53941581,-0.07451528,-0.47763930,-0.84676793,1.01624293,0
row-0369,-0.69002240,-0.12477123,0.85835756,1.47080833,-0.14910266,1.10842185,0.34945592,-0.12537432,0
row-0370,-1.72269462,0.25584448,-0.14747575,0.64794254,0.52172144,0.73492043,-0.66114878,1.18235817,0
row-0371,-0.55768149,-2.20088946,-1.40088566,0.12974439,0.56666648,0.34980878,1.25479058,-0.26568653,0
row-0372,-0.27425646,0.70662499,-0.40694335,-1.64842633,0.10440851,1.50844470,0.17490656,-0.52166300,0
row-0373,2.74806399,0.39868994,-0.39833364,0.35309511,-0.04773125,0.98846298,3.04696515,-0.00092276,0
row-0374,1.66240617,1.74400673,-0.15167015,-0.42482609,0.33883356,-0.15284075,-1.20315058,-0.88756942,0
row-0375,-2.12883028,-2.23606314,-0.12728751,-0.46626531,-0.52092739,1.26025486,-0.50472044,0.16691146,0
row-0376,-1.56794373,-0.80176674,-0.29767653,0.98750383,1.16522706,1.76256134,-1.30367743,-1.98148028,0
row-0377,1.06914564,-0.79777445,-1.05812860,-0.23242824,1.12364213,0.51001541,-0.12174704,-0.62625150,0
row-0378,-0.05673222,1.07042395,0.02795466,2.51233375,-0.43203319,-0.54429476,1.56253467,0.61973329,0
row-0379,-1.31284579,-1.46953740,0.86276437,0.49123636,2.88131666,0.47861928,-1.01212648,-0.91455026,0
row-0380,-1.68049047,-0.69002087,0.76361179,1.52729521,0.83309416,1.28780548,1.44393853,-1.42036236,0
row-0381,0.58168881,1.10379607,-0.79026552,0.09784341,0.15223250,1.01356497,2.23503172,-0.44362543,0
row-0382,0.51128805,0.15316928,-0.98958897,0.17583147,0.59905885,1.03239867,-0.30205754,-1.13150357,0
row-0383,0.02614366,-2.26947688,-1.19765387,0.76070826,-1.45235855,-1.17001445,-0.18635026,-0.98362677,0
row-0384,0.84401574,-0.54934037,-0.95913797,-0.07968984,-0.26869288,0.85440015,0.70066081,1.47478916,0
row-0385,-1.39933354,0.24498770,1.02187849,-0.02870134,-1.29370141,1.10636217,0.63105961,-0.15111694,0
row-0386,-1.35168987,-1.22885548,0.07186922,0.41839120,0.72278508,1.33657701,-0.74540217,0.91784979,0
row-0387,-0.83336211,-0.79038710,-0.37500942,-0.00260197,-1.82181741,-1.08434880,-0.95715380,-0.28727932,0
row-0388,0.05080136,-2.11084605,0.72245095,1.64166095,-1.26032060,0.74675195,0.47508651,-0.93811962,0
row-0389,-0.63992646,0.50701765,2.08037238,0.84855139,-0.28110974,-0.31513473,-0.42728213,-1.55340686,0
row-0390,1.19926041,1.62978660,0.49405056,0.58905494,0.16675448,-1.03292345,1.74175068,0.38677261,0
row-0391,0.33775975,1.03410152,1.12132077,0.27191199,-0.31664187,-2.52713042,-0.15231981,0.61269805,0
row-0392,0.90789609,3.13211340,-0.97962314,1.16993274,0.08991451,-1.81510508,0.01548514,-0.90801956,0
row-0393,-0.50452354,0.92374124,-0.77213711,0.30951421,-0.09239309,-0.06821260,0.59598727,-0.54458455,0
row-0394,-1.03400451,0.14751571,0.69324877,1.17167601,0.11421830,0.15690852,0.20327088,-1.19937321,1
row-0395,-0.79753709,-0.07452296,3.03560357,2.01313157,0.43252560,0.69435948,-0.82367204,-1.31472013,0
row-0396,-1.57785914,0.81786853,0.19283478,-0.17246455,0.20797142,0.10247093,-0.87700713,1.48179321,0
row-0397,-1.03557019,-2.70113057,1.69524821,0.44758099,1.42662699,1.37423469,-0.49336458,0.90809487,0
row-0398,0.66835306,1.33531098,0.42638749,1.21670212,-0.15875668,1.36738553,0.83994222,-1.39363199,0
row-0399,-1.29010500,-1.77132658,1.03072053,-0.63358190,-1.24439228,-0.63545547,1.23807395,-0.61033742,0
row-0400,-1.58850905,-2.94765979,0.83633711,0.54193102,-0.48592388,-0.16506991,0.63481664,0.82376240,0
row-0401,1.11129730,-1.03607444,0.02463009,1.33287435,-0.26229901,0.15594273,-1.06133938,1.46758361,0
row-0402,1.37847380,-0.04723324,-0.95144202,0.76947333,0.34938842,-1.62343694,-0.52741446,0.67975856,0
row-0403,-0.18218867,1.20169540,1.71766296,-0.46846299,0.65277929,1.77856978,1.00862129,-0.53582577,0
row-0404,-0.23345055,0.19630805,0.61435253,-1.94109057,0.49036198,0.88439578,-0.67778005,0.89950043,0
row-0405,-1.25457808,-1.05783563,-0.46602959,-0.59755378,-0.18283455,-0.06605454,-0.79373898,-0.41960979,0
row-0406,0.86904392,1.59884510,-0.51767134,0.49127343,-0.76623399,-0.87548166,0.87283671,0.68730369,0
row-0407,1.32183285,1.28535908,-0.39863417,-0.84090719,0.98603205,-1.22571876,-0.05738492,0.42225922,0
row-0408,0.18573459,0.88969951,-1.16510242,-0.61260380,-0.09742317,-0.19425895,0.19618305,0.13069187,0
row-0409,-0.92156762,0.22726732,0.31568951,-0.32529492,-0.61661646,0.97006983,0.60526840,-0.61385465,0
row-0410,0.33603485,1.75571616,2.20838547,-3.12159525,-0.31778374,0.07582864,0.26215388,-1.52194072,0
row-0411,1.78172276,1.48306482,1.40523270,0.53028499,0.62408677,-0.64908796,0.35792349,-0.29919709,0
row-0412,-1.06654996,1.78648998,0.17709197,-0.44129248,-0.52565672,0.25121677,0.78244788,-1.68627147,0
row-0413,-0.63133004,-0.94465013,0.47115433,0.41210320,1.23701344,-0.33175066,1.00069991,0.75012133,0
row-0414,0.31073839,2.03684607,-0.93925981,-0.24775578,-0.47513152,-0.79401977,1.95583428,-0.31223978,1
row-0415,1.51293118,0.33461618,1.06886355,0.30666747,0.85494581,0.51376519,-0.59182743,-2.02178728,0
row-0416,-1.88584947,-1.61985184,0.87001358,-0.32866039,0.57761808,0.09606655,-1.81793204,1.99318111,0
row-0417,1.16010547,-0.53942398,1.11661294,0.99255746,-0.14357395,-0.42899248,-0.53267232,1.33576286,0
row-0418,-0.72461247,0.60863387,-0.25700593,0.61257544,-0.47085627,-0.41623514,0.48150304,0.77720877,0
row-0419,-0.01862496,-0.99140912,-0.18079882,0.02883343,0.86608262,0.74335473,0.46101264,-0.67138350,0
row-0420,0.03903145,-1.55042168,0.32365052,-0.10589118,-0.46376995,-0.35994980,-0.13253525,-0.35759018,0
row-0421,0.58612932,0.33915655,-0.50067931,0.58807440,-0.36744597,0.04085935,0.39922927,1.48638744,0
row-0422,-1.66214653,-2.61482557,0.85876156,-0.21199802,-0.57893409,-0.79359203,-1.43509443,-0.45133561,0
row-0423,-1.08930243,-0.40860838,0.69738031,0.40343600,-0.80782225,0.28959472,-1.12075811,0.75352341,0
row-0424,-1.45955612,0.00680288,-0.62128820,-0.21836128,-0.28146991,0.11053351,0.53564026,-1.46580012,0
row-0425,-0.35178559,-2.13530321,-0.23422540,-0.93066915,-0.35651055,1.33600098,-0.64153775,0.22118079,0
row-0426,0.16512697,0.83911020,-1.89850646,2.04792132,-1.15109307,-0.44641677,-2.17570598,1.31967029,0
row-0427,-0.76590743,-0.82685531,1.27932464,-1.59974946,1.98772708,0.82203510,0.04024456,-0.00822895,0
row-0428,-3.34583620,-1.17717200,1.85940682,1.04279681,0.20698073,-1.18213008,-0.75191107,-0.24280862,0
row-0429,-1.46581290,-0.42116776,0.77434282,0.48509631,-1.80984576,-0.65700516,-0.66386064,0.79952065,0
row-0430,0.99256137,-0.23257713,0.36226733,-0.33232039,-0.44779834,1.09803920,-0.96941754,0.53356334,0
row-0431,0.79926155,1.31569929,1.52823537,-1.62971343,-0.77651737,-2.17357924,-0.78688808,-0.76975634,0
row-0432,-1.00817672,-1.68765659,1.34422508,-0.10873804,0.05560128,-1.62021351,0.01876314,-0.18669420,0
row-0433,0.11041825,-1.12232309,0.68378034,0.05798792,-0.95364449,0.10062709,-2.23663459,-1.23452368,0
row-0434,2.00339423,-0.96075667,-1.06891431,0.00296149,-0.80956157,-1.21046667,-0.12940084,-0.57776925,0
row-0435,-1.23302899,-1.41532368,-0.57702866,-1.32434480,-1.27679715,-0.32096980,-1.63992431,-1.41026271,0
row-0436,-0.16781602,-2.18539418,0.75322002,-0.80229713,-0.40224238,-1.66226673,2.20196304,-0.16754048,0
row-0437,0.23938231,-0.86242120,-0.93367845,1.65318599,-0.09237390,1.40577085,-1.15025763,-0.61497501,0
row-0438,-0.97928982,-0.34145045,-0.02740987,-0.51841188,0.04979258,1.54992420,0.81270771,-0.01782400,0
row-0439,1.29185654,1.72920148,-0.77210128,-1.35882889,1.38455218,-0.87705982,-0.51917351,-0.80857263,0
row-0440,1.95793748,0.60710059,0.29754685,-0.25559208,-0.04442405,2.60292833,-0.26137620,-1.53239867,0
row-0441,-0.39320454,-2.15915291,-0.39901137,0.51126203,-0.85650253,-1.36222287,0.65216193,1.13975229,0
row-0442,-0.02776177,-0.03951786,1.93607598,1.05655898,0.36191305,-1.12468157,0.16921880,2.14290799,0
row-0443,-0.60580486,1.00322094,-0.30064570,0.49729917,-1.04865832,-0.20306307,-0.43117860,1.73384853,0
row-0444,-0.20124606,-2.90293815,-0.19803227,1.00781033,0.70701820,-1.17070067,1.53242571,-1.11679771,0
row-0445,-1.01388325,0.13518530,0.73751095,-0.72678250,-0.96003610,-0.56108207,-0.33657774,-0.66356882,0
row-0446,-1.94354295,-2.05911712,0.19734047,0.86617688,-0.03694956,0.13019022,0.00866566,0.93692050,0
row-0447,-0.70018866,0.05793404,-1.26600170,1.29136731,-0.00313547,0.26317204,-0.25036702,-0.23333219,0
row-0448,-2.64453428,-0.95110214,2.33493749,1.81462496,1.74286702,1.16659409,0.70370941,-1.20859591,0
row-0449,0.38492764,-0.60877123,-0.38458955,0.44458705,0.33532375,0.76514673,-0.21162105,-0.33568493,0
row-0450,-1.17445964,-1.13102388,-0.73528420,-0.54884999,-1.68991476,-0.08027750,1.74025005,-0.06123976,1
row-0451,-1.55076254,2.38638490,-0.28102884,1.82816656,0.16593744,0.34104689,0.66371193,-0.08629639,0
row-0452,-0.45007342,0.18158900,1.42645520,-1.25300743,0.57761020,0.84774127,0.66830284,-0.01504998,0
row-0453,1.35899248,0.87657937,-0.09652152,-0.19180033,-1.45452522,0.02100869,0.27773670,0.00151411,0
row-0454,-0.16981507,-0.78918850,1.18257141,1.56779213,0.03649127,0.14998082,-1.13058189,-1.32796550,0
row-0455,1.02486084,0.28862625,-0.29408970,0.97376358,-0.64794330,-1.61458324,0.89605745,0.85429800,0
row-0456,0.86380933,0.51979873,-0.09927952,1.44300514,-0.02705996,-1.29906251,1.46688157,-1.02853121,0
row-0457,1.66002912,0.30772445,-0.40356507,1.21684965,1.43982888,-0.29805195,-0.30058209,0.94793800,0
row-0458,1.90933870,-1.23539957,-0.40459772,-0.59957924,0.24622144,0.22100139,0.05041875,0.73797688,0
row-0459,-1.03541891,1.12968762,-0.79525401,-0.92264929,1.78350863,-0.39920449,0.17796085,-0.03793489,0
row-0460,1.34351940,0.35218380,-1.48678729,0.64735227,1.21460672,-2.34773296,-0.34346269,0.85012933,1
row-0461,-0.93371639,-1.35931617,2.06477403,0.71315885,-0.19572170,0.01367900,1.15858307,-0.76439757,0
row-0462,1.15030943,1.45603417,0.10707906,1.53130699,-1.04543113,1.12565598,0.78893105,0.18576831,0
row-0463,-0.16061935,-0.66761105,-1.10195999,-0.77711819,0.62075980,0.25991951,-0.99176865,1.62200620,0
row-0464,-0.83521546,1.04759402,1.18766570,-0.84455520,-0.25046573,0.67559044,-0.15238395,0.59209210,0
row-0465,0.72771850,0.43159544,-0.05555154,-0.60592117,-0.41090571,0.43797064,0.05272780,1.31973465,0
row-0466,3.42024548,1.04848363,-2.00582732,1.42700699,1.52167776,0.10525838,0.05849019,1.40065740,1
row-0467,-1.21060339,-0.94456641,-0.32722469,-1.66225498,-0.51504815,0.07822025,0.49477293,0.62227404,0
row-0468,-0.53393151,0.20754097,1.85328799,-1.30733597,-0.90382220,-0.32721058,-0.27786741,0.39137660,0
row-0469,-1.58669312,0.09836562,1.52864062,2.74341446,1.37432060,-0.20184086,1.91359092,-2.23395162,0
row-0470,-1.15559060,-1.25971420,0.02173968,0.46204350,0.16004068,1.14026387,1.55331904,0.99637814,0
row-0471,0.29207868,1.47500207,1.29680223,0.31689793,0.19114100,0.73655781,-1.56031529,-1.40762697,0
row-0472,-0.34724423,0.86017453,0.66676986,0.13265139,0.20345904,-0.38171381,-0.03584961,0.10005980,0
row-0473,0.39469357,0.25543845,-0.58317439,-2.13807280,0.06035554,0.47929474,0.10237479,0.72857682,0
row-0474,-0.30824100,-0.09555587,0.01368715,-0.28763001,-0.17032904,-0.64203061,0.27369800,-0.48394455,0
row-0475,-0.97858277,0.51149885,0.55506491,0.88500623,-0.11167539,0.89785722,1.27054231,0.25974327,0
row-0476,0.26454720,-1.08145339,0.29238103,0.04574648,-0.70317461,-0.16350416,0.56066070,0.68285978,0
row-0477,-1.55763108,-2.39673620,0.43585026,-0.23511674,-1.03242223,0.63986422,0.45259705,-0.53195661,0
row-0478,0.28931631,1.15827490,0.03048047,0.82554872,-0.74165322,-0.64962416,0.28476570,2.17132955,1
row-0479,0.30962343,-1.84747828,0.24436791,0.14857363,1.62377389,-0.08912117,-1.05281539,-0.02789768,0
row-0480,-0.59262966,-1.15363357,0.24551426,-0.41634483,0.01233780,0.02973293,-1.53687104,-0.58400677,0
row-0481,0.03918198,0.84603928,0.00299347,-0.00118044,-0.28937932,-0.51890602,-1.25758139,0.32893938,0
row-0482,-3.39833810,-2.18985009,1.31968616,-0.18560831,-0.61200550,0.97106802,-1.01408443,-0.01492060,0
row-0483,-0.56525752,-0.74215977,-0.46727441,-1.14615122,-0.48251087,1.60094052,-0.44148368,-1.30429192,0
row-0484,-0.83928768,-0.98014865,-1.10062872,-1.18982048,1.99198144,-2.18513425,-0.20290622,-0.21363211,0
row-0485,-0.37694240,0.92257974,0.89374654,0.24267706,-0.93273300,-1.25328075,-1.59949238,-0.64211498,0
row-0486,1.10022714,-0.99462765,-0.68364772,-0.13232842,-1.66534636,1.07448893,-1.12803679,0.03372842,0
row-0487,-2.37775061,0.74651435,-0.30753079,-0.02349281,0.90993125,0.32411214,-1.12752059,0.34756365,0
row-0488,-0.20163818,-1.45263735,-0.67933309,0.88506876,-0.64771473,-1.01118419,1.10225774,-0.96533721,0
row-0489,-2.23055246,-2.24605827,1.64580827,-0.28473024,-0.48536169,0.39803266,0.38648678,-0.10375881,0
row-0490,0.56316880,0.51575373,0.37910825,0.69884082,2.36412777,1.02751823,0.14749099,-0.95474561,0
row-0491,-2.88359592,-1.30737026,1.03786849,-0.20778426,0.07887072,0.19582010,0.60907688,-1.79777889,0
row-0492,-0.98132710,-1.91398263,-0.31349402,0.26462259,-1.12321699,-0.61998163,-1.06130836,-1.05587063,0
row-0493,-1.79434843,-1.10909504,-0.50875473,1.65472848,0.14019534,0.95418259,-0.45880572,1.87744431,0
row-0494,0.98029991,1.67770494,-0.65878536,0.65819086,1.04861007,0.25632211,0.56560948,-0.56413014,0
row-0495,-1.97103468,-2.03562043,3.64847647,2.13632720,-0.96226263,-0.48668661,-0.46286864,0.49494428,0
row-0496,-1.46384548,0.28480431,0.11123142,-2.58140613,0.86701035,-0.49764633,-0.10679029,2.28454924,0
row-0497,0.57231237,-2.16105959,0.39561481,-0.25525056,1.23492104,-0.23436645,-1.44202780,-0.06717827,0
row-0498,0.93000735,1.22421504,-0.04941754,1.48172072,-0.05527317,0.49494048,-1.53718665,0.80315930,0
row-0499,0.22528015,0.44198252,1.81708501,0.37513804,0.16633393,0.15016454,-0.52181124,-0.47494352,0
row-0500,-0.03474183,-0.90128307,-0.17784977,-1.71955405,-0.28825397,0.07075595,-0.65620002,1.68372186,0
row-0501,0.14142652,-1.57197937,0.60120314,-0.15146040,-1.35715798,0.08140190,-0.33875068,-0.02463915,0
row-0502,-1.15695819,-0.57617574,-0.88415386,-0.11820742,0.10275418,-0.48204961,0.71007992,-1.20892550,0
row-0503,0.76582424,2.34446975,-0.27581813,-1.03505121,-0.55951693,0.21140630,-0.29423557,-2.11508352,0
row-0504,-0.90724125,0.59387513,-1.20638994,0.52673167,0.66720075,1.21746582,-0.08902753,-1.18931500,0
row-0505,1.38596216,0.87565959,0.56894968,0.05933348,-0.09056418,0.61341875,-1.25896141,0.30543118,0
row-0506,0.31868418,0.81011318,-1.07731336,-1.85710742,0.10998049,-0.42571860,1.25647168,-1.63992119,0
row-0507,0.27243585,1.78994925,0.49668266,0.69586412,-0.90308065,-1.09942350,1.05247076,1.04164089,0
row-0508,0.31091497,1.09575828,-0.80102065,1.67406662,0.30239864,-2.65363912,0.11594943,-0.77054354,0
row-0509,-1.34840733,-0.25526345,0.19265242,1.52001672,1.82267479,-0.29739173,-1.13601072,1.16196938,0
row-0510,0.83447476,0.04961677,-0.68875083,-1.49159489,0.37256483,-0.20593308,0.25742593,-0.91451003,0
row-0511,1.31682821,0.67452525,-0.95092795,1.37876431,0.58141330,0.30470023,-1.17973415,-1.22553050,0
row-0512,-0.75578693,-0.72853237,1.10702295,1.00820649,-1.48363336,-0.20800523,1.53335423,-0.80317958,0
row-0513,1.94111241,1.98038287,-0.51192357,0.91637113,-0.01448176,-1.01371641,0.52443504,-0.28442916,1
row-0514,1.10654808,1.03922854,-1.82556819,-1.42703067,-0.55109968,1.84901911,-0.56889342,-0.36294023,0
row-0515,-1.26085080,-2.04278898,1.23005434,-0.25065571,0.12712416,0.13749122,-0.88689268,1.25003103,0
row-0516,1.31456101,1.69878235,-0.45114951,0.60399525,-0.11477995,-0.55647471,1.55534248,0.38582424,0
row-0517,-0.03692543,-1.18448595,-0.44452273,0.64212794,1.04430991,-0.12453669,0.03978777,-0.48513752,0
row-0518,1.24449945,0.19946609,-0.26686558,1.43740036,0.30042938,-0.93789948,-0.62180482,0.24968392,0
row-0519,-0.19607347,0.02300786,0.54556076,0.29297575,-1.06791795,-0.79441115,0.46030787,1.41742214,0
row-0520,0.62835250,0.36676125,-1.16213725,-0.81729249,-0.44764901,1.06905345,-1.37574913,-0.89944728,0
row-0521,0.48934118,0.22956993,0.49850598,-1.22258388,-0.55024218,-2.52198645,0.79044273,1.47654769,0
row-0522,1.63983791,3.12492775,-1.93788007,0.67444023,-0.91255735,-0.20485839,-0.60619803,-0.22025586,0
row-0523,0.65153547,-2.72634703,-0.96309219,0.55166944,-1.41541871,0.92876402,-0.44014418,1.02986593,0
row-0524,-1.26985068,-1.34358725,1.27508107,-0.07216443,-0.40798080,-0.98490557,0.03892762,-1.57309431,0
row-0525,-0.11803919,-1.46455919,-0.04822520,1.01104826,1.05221456,-0.09971485,1.31919975,-1.66211731,0
row-0526,-0.91344135,0.42784875,-0.25213007,-0.68498457,-1.32697466,-0.96734010,0.73709945,-0.22446011,0
row-0527,-1.36358633,0.63023835,2.01684521,-0.23102200,0.47427804,-0.38032257,-0.43659055,0.50338162,0
row-0528,1.96844706,-0.18553385,0.15682771,-1.04673952,0.53579319,0.15843766,-1.69691719,-1.39776689,0
row-0529,-0.36699830,-2.92629813,-0.54189523,1.16497462,2.81691519,-0.91255565,-0.56323303,-0.04046420,0
row-0530,-0.38226894,-1.06580941,0.29829987,0.22974745,-0.08697437,-0.14425790,-1.87797306,-0.23284942,0
row-0531,0.44297697,1.23116496,-0.43566902,0.75189447,-1.20811418,-1.18157609,-0.64219263,-1.02728483,0
row-0532,-1.07760619,-1.10048110,1.80257469,-1.24990700,-0.03766652,0.45532358,-1.16105094,1.68881651,0
row-0533,1.73046939,0.01165268,0.78729767,0.74431388,0.65114839,-0.86301376,0.60804660,0.13985561,0
row-0534,-2.03535556,-0.20745835,0.03195570,-0.78479165,0.36520086,-1.30312574,1.09078166,-1.05440038,0
row-0535,-1.36798085,-0.75366964,-1.14512080,0.24229963,0.18805038,0.28167077,-0.11238287,1.33254305,0
row-0536,-0.29821606,-0.67205984,-0.35473909,1.23792629,0.50298765,0.66182955,0.68897633,0.48407961,0
row-0537,-1.13258897,-2.25742270,-0.23425463,0.72094754,1.02912588,-0.05212628,0.70177424,0.25989677,0
row-0538,0.72917096,1.37240810,0.81236545,0.33514391,-0.36168961,0.60055095,1.08881795,1.42422228,0
row-0539,-0.45626676,0.80144496,-0.36689213,0.09650323,-0.20824098,0.04013118,-0.52755591,1.18796883,0
row-0540,0.10620720,-1.66772581,0.22283652,0.32051161,1.12718002,0.55881770,-1.37450986,0.42207609,0
row-0541,1.22487819,0.38328170,-2.32555027,-2.03272276,1.73480568,0.88834199,0.17566273,0.76507140,0
row-0542,0.55371361,0.20314505,-1.25879006,1.53526395,-0.41543107,-1.18042155,-0.63159941,-0.18911369,0
row-0543,1.75231399,1.56553460,-1.51666625,0.62703213,0.32973071,-1.06034169,-0.45525232,1.40385264,1
row-0544,0.31417478,-0.29023453,1.52443429,-0.59589552,-1.10955837,1.03034801,-0.95669586,-0.63924834,0
row-0545,-1.16825154,-0.03841580,1.19483139,-2.10912348,-0.16029752,1.41637567,0.70837062,-1.82477198,0
row-0546,0.97896710,1.31133781,-1.35582119,0.34001143,1.06112946,0.10013266,1.65355130,0.18783724,0
row-0547,-3.17631765,-0.28305755,2.28207307,-0.75106016,0.44690825,-0.64908718,-0.13648073,0.57573560,0
row-0548,-0.79134337,-0.15732481,0.76721895,1.75893920,0.30930976,-0.42796604,1.07028372,1.04553853,0
row-0549,0.36061107,-0.41537536,-0.00942004,0.24073525,0.19900658,-0.78180890,-1.36545483,-0.45037047,0
row-0550,1.86003643,1.14944260,-1.13610039,0.69088073,-0.52551072,-0.10762399,0.34612580,2.04682722,0
row-0551,-1.33156128,-2.25103913,-1.38198903,1.15491910,0.40384447,-0.61269271,-1.06264742,-0.50800510,0
row-0552,1.83459910,-0.76064297,-1.45628085,-1.15666482,-0.18513620,1.14157739,0.72697270,0.12591539,0
row-0553,-0.25159005,-2.02160363,1.05310375,-1.55014041,0.64449385,-0.27649629,0.54361787,0.43168627,0
row-0554,0.60191301,0.11080137,-0.20446596,-1.51676576,-0.32375976,0.95289982,0.81864229,-0.74272649,0
row-0555,-0.10940667,1.80773379,0.70699199,0.89690317,-0.57866139,0.63402293,-1.32624051,-1.71862703,0
row-0556,1.86792010,1.22221743,-1.15207461,1.29608302,-0.73973376,-0.01846971,0.98535157,-0.99785163,0
row-0557,-0.25440539,-1.70223090,-0.19345310,-0.15980688,-0.11753555,0.04449504,2.22164760,-0.55930628,0
row-0558,0.42314476,2.06373523,-1.08839087,-0.58154324,1.89359926,0.57469104,0.90843243,-0.74935490,0
row-0559,2.10342689,0.65227304,-1.52685126,0.70396695,0.01408390,-1.14346096,-0.18725848,-2.27723481,1
row-0560,0.16163914,0.03681430,0.01236806,0.41530061,0.65754021,0.95564258,0.42332695,-0.16391938,0
row-0561,-1.78531593,0.49131866,0.74293594,-1.42805949,0.43777182,0.99004574,-0.04961432,-0.06082357,0
row-0562,0.87272978,-0.24628758,-0.37621773,0.00393878,1.58128567,0.15979989,-1.43855179,0.91857987,0
row-0563,-0.52209345,1.95040780,-2.62341412,0.61025397,0.41254579,0.45920142,-0.74303744,-0.49156986,0
row-0564,0.22534761,-0.73184208,0.85483524,-1.36100442,1.32189261,-0.18501061,-0.08761457,1.26548940,0
row-0565,-0.22817782,-0.33758420,0.94703775,0.59094030,-0.14454683,1.94882221,1.32001469,0.42690954,0
row-0566,-0.71066045,0.26817992,0.05448834,-0.15378794,-0.06913906,-1.70035903,-0.27849238,1.68695613,0
row-0567,-1.35057319,-0.54509009,1.17936548,2.31253787,0.30525547,-0.72516508,-0.02192732,-0.98096420,0
row-0568,-0.40450182,-0.03236821,2.31188210,-0.09449125,-0.64104732,0.75133976,1.60635768,2.68860706,0
row-0569,0.56622809,1.43454362,-0.23034143,1.32237588,-0.25478731,-0.33817317,-1.98693643,0.39351847,0
row-0570,0.87280898,0.92692011,0.55469706,-1.19493097,0.62510004,1.14398493,0.56539313,2.18994926,0
row-0571,0.05400519,0.69056392,-1.65884644,-0.92378647,0.50700876,-1.48852266,0.03808032,-0.09644015,0
row-0572,-0.99989557,0.79153401,0.25852096,1.42315408,1.55886791,0.60791059,0.16067362,0.56222999,0
row-0573,0.57279723,1.66627771,0.95359659,0.84045601,-0.70877360,0.31772284,-1.07295803,2.55532987,0
row-0574,-2.68281918,-2.06803682,2.36706041,-1.95413080,0.91825447,-0.15604109,1.87476332,1.08074219,0
row-0575,-0.95026502,-0.13943986,0.16263776,-1.15866937,1.21151774,-0.39321936,1.25902808,-0.66305189,0
row-0576,-0.42297277,0.17787543,0.53604927,-0.58724023,0.11107578,-0.48608714,0.10183383,0.92430333,0
row-0577,-2.81362854,0.57617722,-0.77147272,-0.41280546,1.21295955,1.03584517,0.55433574,0.74368042,0
row-0578,0.82181850,1.01115535,-1.69385157,0.56679248,-1.15564830,-0.35869769,-0.59064039,0.09092426,0
row-0579,0.04887125,-0.62836742,0.72625163,-0.36045174,-0.44505947,0.00528326,-0.38796080,0.72001557,0
row-0580,0.46182609,-1.25759381,1.55255618,0.69497364,0.54659915,1.09228568,0.20036988,-0.30027240,0
row-0581,-0.26440248,-0.46911333,-0.61067610,-0.44877371,1.14295561,0.37963639,-2.32248084,0.70488347,1
row-0582,2.17708297,1.67851384,-1.64326407,1.17469519,-1.36183981,-0.36777713,1.75076293,-0.04902266,0
row-0583,-1.52236963,-1.14460317,0.60244850,0.74061241,0.13197614,-1.00031378,0.67767027,0.08782558,0
row-0584,-0.28513667,-2.03943082,-1.79497643,0.47713358,0.69393468,0.51497234,-1.54841120,1.90702563,0
row-0585,-0.33499584,-0.41151563,0.75260554,0.84347721,0.13639547,1.03247632,-0.60317671,0.51130975,1
row-0586,0.70646134,-0.21796676,0.04371738,0.84950268,1.10010165,1.00124645,0.66173307,1.48111115,1
row-0587,-0.96259121,-1.44109003,1.34633472,-0.51655919,-0.25204720,-0.33449179,-0.39811611,0.08057151,0
row-0588,-0.33200049,1.69936059,-0.30019621,-0.23551179,0.71854778,-1.16520153,0.56872344,-2.11910831,0
row-0589,-1.59669299,-0.59289435,-0.69896789,0.58098572,-0.33953352,-1.79892661,-0.81651614,1.04641941,0
row-0590,-0.11373792,-0.05157743,-1.23482955,0.43358852,-1.87453235,0.99590874,0.29109462,-0.24544558,0
row-0591,-1.03722080,-2.24357696,-1.48355811,0.56181987,-1.21451493,1.87876484,0.25350973,-0.64022187,0
row-0592,3.50687057,1.66407142,0.39166159,-0.17393198,0.07683062,-0.12928279,0.10036811,-0.61950454,0
row-0593,-1.83020378,0.17731257,0.39679615,-1.60786402,-0.59654798,1.73171627,-1.13790204,-1.02558390,0
row-0594,1.20133735,1.16579261,-1.17335612,0.42997267,0.48841273,0.62150960,-1.41258430,0.08824890,0
row-0595,1.04871935,1.09236073,-0.62380260,2.21875447,0.58184003,-0.96727986,1.46906524,0.88248281,1
row-0596,1.25490033,2.04263213,1.27305547,-0.07646067,-1.08290660,-0.19823468,0.01867984,-0.70833185,0
row-0597,-0.15957924,1.96946236,-0.88708014,0.56696136,1.55004253,1.16629713,-0.94288381,0.43081706,0
row-0598,-1.28767850,-1.36171328,-3.41045012,0.98303846,0.23285509,-1.60032640,-0.13460987,1.99312983,0
row-0599,-0.49132330,-1.13770139,0.62924474,0.07294882,-1.12597465,-0.58627536,-0.16178876,1.43658606,0
row-0600,0.14257460,-0.76615512,-1.29615911,-1.01467864,0.34153344,0.85104537,1.36620030,-1.05374122,0
row-0601,-0.79094211,0.08052130,-1.08960790,-2.07148556,0.95918860,-1.26170026,-2.03168937,0.40788131,0
row-0602,-0.90345535,-2.18068980,1.39054453,-0.54348492,-0.77330276,-2.62012622,0.46025714,0.35779263,0
row-0603,0.46405282,0.01053769,-0.96469657,0.06619670,0.64638529,0.96822781,0.64595942,-2.30522550,0
row-0604,-0.70926163,-4.06958604,-1.09466106,-0.49097091,0.60277919,-0.27463784,-0.55554168,0.75119160,0
row-0605,-0.67638054,-1.49062785,1.05217088,0.47069612,-1.06789874,-0.43826728,1.75165714,-0.06978378,0
row-0606,-1.06829009,-1.84810532,-0.92535021,1.23065970,-1.61975267,-0.37185026,-0.28578691,2.29781429,0
row-0607,1.33595963,-1.91627017,-0.26868166,-2.70944362,0.27099823,-1.34462372,0.29184246,-0.36014515,0
row-0608,-1.44071185,-0.51995267,1.02784587,0.26212717,0.91048900,-0.21284082,-1.55493439,0.08822488,0
row-0609,-0.87314830,-1.24075215,-0.74750285,1.39692065,0.48085669,0.46882338,1.68140661,-0.32472535,0
row-0610,1.95499389,0.51638674,-0.79908572,0.37340901,0.69217107,-0.22462473,-1.01087092,-0.51568246,0
row-0611,-0.52673488,-1.60968809,0.41154579,-0.53013396,-2.01667409,0.96725744,1.97488046,-1.47184326,0
row-0612,-1.62143309,-0.04015586,0.34148910,0.20082240,-1.57756591,-0.37753650,-0.04131718,-0.53390359,0
row-0613,0.97358387,-0.45349631,-0.66767506,0.17087640,0.50561932,-0.26763493,-2.46131164,-1.24548862,0
row-0614,1.60946653,3.15112489,-2.96498893,-1.82103710,1.01149965,-0.61882151,-1.93721941,-0.15427307,0
row-0615,-1.63737208,0.95716223,1.64999477,-0.80560430,0.61404157,0.81103291,-1.29300434,-1.64291276,0
row-0616,-1.71813732,-1.54980965,0.85255120,0.54795502,-1.33876783,0.32788208,-2.03699078,1.07166680,0
row-0617,-0.29333058,1.45461150,0.65783020,-0.83063047,-0.67083339,-0.17579565,-0.86292969,-0.06339653,0
row-0618,0.13055145,1.54298727,0.72251432,-0.74951270,-0.19210407,0.42050477,-0.74014902,-1.04934099,0
row-0619,0.39091563,-1.51990024,-0.35696721,1.18794051,1.19748003,1.17975026,1.01808325,-0.39318268,0
row-0620,-0.12554548,-0.45355864,0.73030663,-0.03517963,-1.31960888,-0.51884122,-2.29722512,-0.97665253,0
row-0621,-1.59971191,-0.32577216,-0.17578666,-1.59261869,-0.49275902,-0.24242119,-1.17573326,1.13699322,0
row-0622,1.50662886,1.27924174,1.31124280,-0.53993782,0.15940959,-0.92034086,0.46390675,0.88005031,0
row-0623,0.93297617,0.91038887,1.17031945,0.70808894,-1.04804444,0.73408486,0.36523959,-1.99456292,0
row-0624,-0.51672395,1.54370148,-0.04802942,1.83576185,-0.72236102,-0.51682608,0.29728365,-1.15087358,1
row-0625,-1.94088860,0.65975080,-1.32452839,-0.10156599,-0.37690937,-1.03608186,0.57190373,0.11883807,0
row-0626,-2.71713325,-0.03642886,2.51236647,0.73886191,0.61387298,-0.29946600,1.17892535,0.62997068,0
row-0627,1.38398019,1.86949976,-0.31110320,0.39710956,0.02056811,-1.02316752,0.78696586,-0.32991438,1
row-0628,0.33363847,-0.09715646,-0.00453218,-0.35748511,-0.11006850,1.10074096,0.31741478,-0.40207465,0
row-0629,0.63841709,1.54365380,0.54396375,-1.63361860,0.36673769,0.40461791,-1.10829307,-1.28060852,0
row-0630,-0.65197351,-0.25757615,-0.33008406,-0.98989577,-0.98704417,-1.63034929,1.39714914,-0.16247965,0
row-0631,-0.12933273,-0.76787621,-0.21087761,0.42421927,0.11334487,0.19335648,-1.17554003,-1.25354564,0
row-0632,0.48644744,-0.62500162,-0.10464085,1.20017756,-0.34730776,0.12011497,-2.50845535,-1.65090968,0
row-0633,-0.37263397,-0.16216538,-0.62516103,-1.03296011,0.77961054,-0.18780650,0.51579348,1.80948432,0
row-0634,-0.13939657,1.55283468,0.34004561,-0.57097610,1.20490246,-2.32724038,0.12480475,-0.33795290,0
row-0635,1.44127910,0.55748606,-0.62088322,0.29502599,1.23926040,-0.15824729,-0.13992432,0.61955085,0
row-0636,-0.36480994,1.48566697,-0.52388562,2.37585951,0.92196189,0.65990418,1.43637343,-0.13551635,0
row-0637,1.42714051,1.95447393,-0.34833771,2.38033693,0.26347018,-0.19268601,0.08784192,1.34534165,0
row-0638,2.24191113,-1.49583574,-0.75015864,0.19416449,0.66904371,-0.34765805,-0.12054772,1.39364046,1
row-0639,0.38052025,0.07913187,-1.50566215,-0.44270561,1.36323780,1.01034145,-0.30039993,-0.42205334,0
row-0640,-1.32729938,-0.02186219,-0.57177954,0.11368931,-0.54243233,-0.58739059,-0.15254749,0.07506668,0
row-0641,3.39503402,1.42185318,0.70995099,0.47507319,1.35112893,-0.33684424,-0.34629629,-0.49642598,0
row-0642,2.72331783,1.35788136,-0.22197183,-1.61404351,-3.42989383,0.37952853,-0.57826243,0.43846955,0
row-0643,-0.19469741,0.57030447,0.77383145,0.18445150,-0.59987003,-1.78603985,-0.57281018,-3.62746404,0
row-0644,0.13917436,-1.45146916,-0.30822525,1.79821182,-1.60691854,-1.84333417,-2.09535665,-0.20948776,0
row-0645,0.13338297,-0.41493748,0.44114023,2.75049176,-1.24832788,1.95147352,1.50825399,1.68341424,1
row-0646,-0.11567145,0.56603008,0.07675274,-1.45033035,-0.53030458,-0.99648681,0.06912859,1.78586523,0
row-0647,0.45632127,-0.31304295,1.08099710,-1.14990611,-0.48311727,0.17332702,0.95685220,-0.16985471,0
row-0648,-1.23612384,0.41447515,-1.30582510,0.51358519,-0.05247257,-0.44972156,0.47601584,1.64592971,0
row-0649,0.15686693,-1.44076519,-0.23034752,-0.63074586,0.56675079,-1.28129391,0.25370743,-0.65992439,0
row-0650,2.35067007,2.95080896,-1.00381922,-0.38863000,-1.30840068,2.87869253,0.12914708,-0.31278829,0
row-0651,-0.52168105,0.90118192,0.53122192,0.57609429,-0.10487485,-1.48981720,-0.49574234,-0.37452071,0
row-0652,-0.81106598,1.51078689,1.91774038,1.56952788,-1.82653451,-0.10586393,-0.79379284,0.12454896,1
row-0653,0.93161917,-0.40752398,-1.16209664,-0.99536719,0.04643025,-0.04192838,-1.34130673,0.66113302,0
row-0654,-2.34263322,-1.66070708,2.47860526,-0.42473071,0.28138628,-1.16218108,-0.13418727,-0.29636857,0
row-0655,-0.07409830,-0.32769740,1.19801635,-0.60489953,-0.40322393,0.91219905,-1.04516975,1.77476447,0
row-0656,0.19444095,1.86357779,0.49831477,2.45302049,-0.78499315,0.29278286,0.84434598,1.29333456,1
row-0657,1.32443973,0.56260149,1.67321421,0.26862625,1.75881905,-0.76031136,0.02025917,1.13264654,0
row-0658,1.46453625,1.80607106,-2.11318897,0.03237277,0.38776677,-0.86936922,-0.63133920,0.89693141,0
row-0659,2.05347143,2.34422134,0.61998813,-0.48649318,1.18524961,-0.97947383,0.07287766,-0.35029169,0
row-0660,1.12025570,0.13479312,-1.42901260,0.57182314,0.00230041,1.84380625,0.62743621,-1.12985633,1
row-0661,-0.46909212,1.62165154,-0.04244945,-1.36011033,-1.06962676,0.32236808,-1.25192789,0.60741575,0
row-0662,1.81349489,0.71365083,-0.80883769,-1.32359566,-0.14371000,0.12241371,0.09871325,-0.30641557,0
row-0663,-0.42772118,-2.73729771,1.57443640,0.84845449,-0.70459537,0.90376296,-0.46521077,-0.44156606,0
row-0664,0.36612674,1.05759151,0.95075640,-1.44744466,-0.11964425,-0.82929765,1.03189144,-0.54240026,0
row-0665,-1.14470218,0.15841478,-0.67253976,2.56388165,-1.45521453,-0.16232872,0.45268956,0.58058786,0
row-0666,-0.33177554,1.24190199,0.07008017,1.41496834,-0.21036076,0.11348742,0.35893202,0.42262349,0
row-0667,0.75408879,-0.30992464,-1.28861742,-1.82822216,-0.82751426,-0.36488907,-0.27388038,0.84960383,0
row-0668,2.55430844,2.12164173,-1.49420605,1.25033071,-0.68784997,-0.39150758,-1.05045325,0.26279607,0
row-0669,1.27270104,-1.04384377,-0.18102214,-0.90884993,-1.51533579,1.09641546,0.14088011,0.00595670,0
row-0670,-0.05463868,0.11584122,1.32344200,-1.49819848,-1.62247088,-1.73309596,2.09738734,0.25692658,0
row-0671,0.88950957,1.30801802,0.58901896,1.72412436,0.01674710,0.66030342,0.34901187,0.69659229,0
row-0672,2.35875488,2.01193256,0.45924008,0.68183537,-0.60103099,0.27290750,1.06952444,-0.65911156,0
row-0673,1.14025714,1.57072497,0.11341020,-1.33141938,-1.44085213,0.63733975,1.52258445,1.40291550,0
row-0674,0.79777668,-1.19849973,-0.56480576,-0.43875429,0.96442713,-1.47789910,-1.70081547,0.10924152,0
row-0675,-0.94403585,-1.58958388,1.15623296,0.60562103,-0.55695782,-0.58907534,0.83475456,0.85019627,0
row-0676,-1.43885527,-0.94966736,-1.40774028,0.35193245,-1.33588085,0.49144490,0.86075927,1.23303875,0
row-0677,-1.76164806,0.07315103,1.31091182,1.42438676,-1.13447198,-0.18316005,1.08962114,-0.31098965,0
row-0678,-1.76637433,-0.50524717,-0.91959646,0.56395798,2.04630028,-0.69797770,0.21674353,0.20626163,0
row-0679,0.71744500,1.13027443,-0.05323751,-0.64080341,1.43787717,0.84742097,-0.33780636,1.16142911,0
row-0680,0.25173074,-0.87768554,-0.09467635,-1.01470271,0.32160135,-0.78966990,0.86770509,-0.03224742,0
row-0681,-0.32883017,0.43648207,1.99332228,0.98808140,-0.32588805,1.13453229,-0.38623326,-0.11657157,0
row-0682,0.41296892,0.61152666,0.76435960,-0.86380048,-0.25700755,-0.34392734,-0.67612216,-0.05146120,0
row-0683,-1.43451817,-1.73379539,0.37927174,-0.33122601,0.97273500,-1.25405521,-0.74961120,-0.20824109,0
row-0684,-0.50306902,-1.86445553,3.01450028,1.75090535,-0.62025500,0.00758324,-0.15448772,-1.70702017,0
row-0685,-1.04822154,-2.33794604,1.48820576,1.58720967,0.18201738,0.70660688,-1.08349455,-0.65932709,0
row-0686,-1.53136670,-1.48854719,1.29253967,0.59925639,-0.87229520,0.97149234,-0.37107944,-1.81449416,0
row-0687,1.13879524,0.61795340,0.29109521,-0.60859976,-0.09010253,-1.17361702,-0.50720201,-0.78658098,0
row-0688,2.19212007,1.01607872,-2.57165321,-0.00813359,-0.98572724,-1.10637329,-0.67278683,0.53621771,1
row-0689,2.49475544,-0.38074676,-1.84777687,-0.74441081,1.11902229,-0.67368519,-0.75854052,0.62044004,0
row-0690,0.25793832,-0.61707517,0.64498584,-1.21539122,2.24942428,-0.54747315,-0.65340648,0.71039435,0
row-0691,1.93649888,2.60547216,-0.86436721,-0.14106480,0.69341725,2.08930256,-0.51185738,0.44617753,0
row-0692,0.57265209,-1.13838283,0.45215964,0.88743236,0.06169660,0.84040742,-0.53472904,0.52474993,0
row-0693,-1.11198816,0.78462204,-1.80640684,1.38921746,0.54596853,1.94660749,-0.67680335,1.71705941,0
row-0694,-0.67933190,-0.97782115,-0.28095535,0.46254042,1.51956007,-0.64903268,0.17118717,1.08467197,0
row-0695,0.40078230,-1.25837399,0.04991399,0.89293584,-1.05387438,-0.48969456,-0.27465813,0.06558295,0
row-0696,1.79762060,1.65395550,-1.10117402,0.97475334,-1.48109000,-1.44300698,1.17720098,0.60788830,0
row-0697,-0.39305961,0.66637908,-0.56759224,0.40792832,-0.83731746,-1.30269574,1.27809319,0.87487645,0
row-0698,2.42728463,2.53455486,0.90411857,-1.44081043,-0.34818319,1.47079766,0.65569631,1.78813608,0
row-0699,-2.33936290,0.01337380,1.39412592,0.66199914,0.04017116,-1.18420341,0.18941526,-1.00980841,0
row-0700,0.78749355,0.46698360,-0.10296131,-0.96470467,-1.14936367,-0.89152072,0.21756954,-0.53034957,0
row-0701,0.94240554,0.45067539,-0.34580089,-0.52394568,-0.53640103,-0.98001663,-0.40292839,0.09980038,0
row-0702,-1.86145401,-1.65338656,0.90936007,-0.10802309,0.58334731,0.72136929,-1.16080121,0.22729048,0
row-0703,0.43754961,-0.28310944,-0.30931504,-0.13221346,-0.15692782,1.06647175,0.69256117,1.42364710,0
row-0704,1.63578212,1.25679353,-0.98398843,-0.50570837,-1.11147425,-0.76721755,-1.25269081,1.22278888,1
row-0705,-0.02910865,1.11065504,0.56035931,0.29304741,0.22634842,0.72341559,0.56121422,-0.36233953,0
row-0706,0.25484013,2.01156105,0.06782163,-0.15390090,-0.32684028,0.43570361,-0.11553862,0.75499834,0
row-0707,-1.30619301,-1.18477169,-1.38175059,-0.14427973,-0.61909570,1.26013072,-1.65355694,-1.64678337,0
row-0708,-0.34975543,-0.53251503,0.93490162,-0.07732389,0.15568324,-0.08808328,-0.12786244,0.16344840,0
row-0709,1.60469382,0.67858145,-1.20271333,0.08948229,0.57388144,-0.67830270,0.12945491,-1.16954718,1
row-0710,1.50534765,1.68269165,-3.19107845,-0.69103096,-0.32096854,0.73320700,0.49656860,-0.67503167,0
row-0711,0.41964219,-1.29301517,0.82170349,0.46038574,0.11219801,-1.52135269,1.46759898,-0.20396598,0
row-0712,0.23024220,1.04975904,-0.71597359,-1.64169794,-0.11391798,-1.56138431,-0.03355740,0.20636093,0
row-0713,0.03894861,-0.50178686,0.09069962,1.05395396,0.01649013,0.40640480,0.76295063,0.89393126,0
row-0714,0.98352583,-0.26092651,-0.77572756,-0.46200678,-2.95403479,-1.92182328,0.70932453,0.58108451,0
row-0715,0.70211022,0.18045267,-0.03096863,-0.99986795,0.63975263,-1.53873892,0.21366791,1.61071697,0
row-0716,0.05162381,1.84555383,1.00600192,1.79338518,-0.13121148,-0.23492170,-0.66933636,0.84604638,0
row-0717,-0.44204358,0.67905507,1.61094930,0.45940924,0.31338103,-0.09391134,2.35713800,-0.11839595,0
row-0718,0.76395803,-1.39306224,-0.80947824,0.33651007,1.14147984,-1.00359211,0.50154681,0.34072594,0
row-0719,-0.33974563,1.02547502,-0.75679707,1.23845883,0.65692360,-0.13507060,0.74358904,-0.87145630,0
row-0720,0.68519397,-0.18134764,0.41244131,-1.21258906,0.64010991,-0.53197983,0.23646366,1.09890588,0
row-0721,-0.26927822,-1.28304062,2.23877502,1.08723380,-0.38531055,1.18001963,-0.58768023,-0.20266171,0
row-0722,-0.18716460,-0.70353296,1.69528659,-0.89383794,0.10810359,-0.14452827,-0.64398496,0.07911728,0
row-0723,0.73768186,-1.26894117,-0.76531683,0.72338230,-0.86503397,0.50558105,-0.04826452,-0.98326430,0
row-0724,1.02380769,1.13851495,1.51614783,0.51504813,-0.02437835,0.54195408,-0.24622184,0.20397983,0
row-0725,-2.33441830,-3.40486576,0.24702836,1.27960337,-0.63381432,-0.71873681,0.92244584,0.34991917,0
row-0726,-0.40936821,-2.70183996,0.68051703,-1.00884783,1.19765734,1.45703154,0.26143127,0.81621645,0
row-0727,1.49038192,0.57108164,-0.52281072,1.31402619,-0.30971112,-0.50614948,0.32694595,0.29462152,0
row-0728,-0.95262249,-0.90157051,-2.74395695,1.92052352,1.06129680,0.42848897,-0.42310518,-1.37521842,0
row-0729,-0.24532355,0.47130533,0.76567554,-0.86798494,-0.16840406,-1.66253555,1.79394393,-0.92372741,0
row-0730,1.62834757,1.24578811,-2.43314724,-0.08176136,0.68085166,-0.01664683,-1.54953951,0.60679854,0
row-0731,-0.31361493,0.04060920,0.15782315,-1.02864712,-0.71476073,0.41161614,-0.56529063,0.26189744,0
row-0732,0.58008284,-1.03130327,0.00588731,0.99581563,0.82632436,0.15606292,0.65137161,-0.00096366,0
row-0733,-1.05588727,1.39135475,1.73058576,-0.77835187,0.41077324,-0.25005162,-0.26695590,-0.30835748,0
row-0734,0.64154380,0.53581123,-0.11545296,0.11003138,1.14709405,0.00914119,-0.13791498,-0.25139260,0
row-0735,1.80824183,0.21506521,-0.50841155,0.17902436,0.25192578,-0.93737525,-2.53768425,-0.32178485,0
row-0736,0.74632315,-0.02109324,-1.43929585,-0.78305986,1.29512344,-0.48042025,0.72561892,0.06183999,0
row-0737,0.11701662,1.47946569,1.73579771,-0.31400196,0.02721615,-0.07374376,0.69646967,-0.73662623,0
row-0738,0.94673671,2.19519422,-1.11645426,-2.11115111,-0.66984043,0.00683840,-0.75592430,-1.45351580,1
row-0739,1.06993430,-0.56051401,-0.27305047,-0.06690701,-1.54296775,-1.81981541,-0.62103858,1.27410298,0
row-0740,0.43506006,1.16137627,-2.57454320,0.11871734,1.14511239,-0.12047159,-1.77337536,-1.37041390,0
row-0741,2.72415961,0.94108025,-1.89313870,-1.30054109,0.79586834,0.58172128,-1.23331644,-0.98392949,0
row-0742,0.27947750,1.32371819,-2.40424565,1.15061260,0.23259922,1.61396202,0.98332561,2.95211562,0
row-0743,-1.63103343,0.39296651,1.24627021,-0.31972141,-0.72256159,-0.18875798,1.15171196,2.10852472,0
row-0744,-0.48286375,0.14102536,0.06190629,0.80211502,-0.38359930,-0.60335274,0.54218804,-0.28501429,0
row-0745,-0.38690122,-1.46430500,-0.53415848,-1.95127749,-0.77755299,-0.86590804,0.25392102,-0.86305175,0
row-0746,1.18378713,0.47482415,-0.29250418,-1.21365808,1.82938313,-0.07097758,-1.60534570,-0.99547291,0
row-0747,-0.65775421,-1.23613480,0.81067345,0.77021845,-0.12374417,0.46996194,-0.71936906,1.12980856,0
row-0748,2.56050210,0.16451745,-0.70583010,-0.37925395,0.90159166,-0.07084099,-0.85989880,-0.54776641,0
row-0749,-0.94873247,0.43506080,0.43604530,-1.77128221,0.47552168,-0.20960060,-0.68954508,-1.14521295,0
row-0750,0.16978537,0.59718497,-0.82031266,0.33884217,-0.76777655,0.29306417,1.48083177,0.49046932,0
row-0751,0.62566156,-1.48774487,-0.18981681,-0.23345128,-0.50397368,1.06856893,-0.30077305,-0.74056635,0
row-0752,1.20130227,0.92785437,-1.56365690,-0.37181447,2.31810017,1.70003090,0.65846107,0.91167752,1
row-0753,2.31253269,-0.99457180,-0.37041537,1.61145036,1.53216163,-0.80314699,1.00235784,-1.26283213,0
row-0754,0.75494528,0.11139123,-0.05997774,0.98889982,0.13482413,-1.00071634,0.53035551,-0.57713559,0
row-0755,1.89956849,1.27118319,-0.90932389,2.21818672,-0.38107534,-1.20123777,0.72379652,0.50746781,0
row-0756,-0.93898910,2.56141188,0.59981812,-0.48595154,1.37482803,-0.95554266,-0.50330330,-2.12017329,0
row-0757,0.57369919,1.91334867,0.41721519,1.36766123,-1.27632744,1.49961182,1.40683324,1.04866789,0
row-0758,0.04590830,1.92810258,-0.48611714,0.16737325,0.29655842,-0.69790610,0.89295176,0.47017428,0
row-0759,0.40232285,0.66862892,-1.11118488,0.52909521,-0.32866445,-0.73859541,0.73794174,0.68259825,1
row-0760,0.51742081,0.46750762,1.82637183,0.49730395,-3.03488414,-0.20699593,-0.38068308,-1.79863254,0
row-0761,-0.36512298,1.24714544,-0.36706486,0.05164418,0.37925863,0.34131762,-1.37898246,-1.69728283,0
row-0762,1.19340898,1.28513653,-0.20408035,-0.15432980,-0.41813384,-0.82141286,-0.54237190,1.55765070,0
row-0763,-0.11653936,0.49328919,-0.79191057,1.40830744,0.80481725,-0.94579834,-1.28655644,0.87044260,0
row-0764,-0.59267935,-0.75752152,-0.59773382,1.75354331,0.74489123,-1.79324116,-0.44821716,-0.96917907,0
row-0765,-1.07400513,0.45893053,2.30304879,1.33784653,-0.03486884,-0.09726570,-0.82137950,0.28276213,0
row-0766,1.50785969,0.64203687,-1.02058833,-0.07102248,1.67100158,0.44491854,0.26165589,-0.78242103,0
row-0767,3.45810871,4.15995464,-1.69510916,-0.63325108,2.31365827,0.69060458,0.68817530,-0.47009241,0
row-0768,-0.62390246,-1.24029646,0.32537698,2.87059254,-1.80198069,-0.93917242,-0.73963908,-0.56044260,0
row-0769,-1.16630347,-0.87851774,2.04477823,1.53022654,0.11641179,0.52408919,-1.26761748,-0.43018529,0
row-0770,0.91739767,-1.30857758,0.79248656,-0.09708133,1.44530258,0.57176054,0.94390203,1.41276798,0
row-0771,-0.12328006,-0.56191420,0.69967944,1.35026028,-0.17218824,1.40562842,-0.96588120,-1.25447779,0
row-0772,-1.75245894,-1.52854830,0.61809039,0.37909973,-0.78545020,0.22954646,-0.94866734,0.73493253,0
row-0773,-0.28551725,1.10322184,-0.36853685,-0.93527808,-0.20644595,0.37914127,1.46062294,-0.93668336,0
row-0774,2.15147126,0.69196723,-0.04831714,0.70308778,-0.09113202,1.66778113,-0.52131406,0.87270234,0
row-0775,1.56576166,-0.34018352,-0.25600718,-0.41991079,-0.75862493,1.05947684,-0.15878933,0.77916436,0
row-0776,0.39183025,-0.51350326,1.54413525,0.76426624,1.64212295,-0.77266189,-1.58505362,-1.95947739,0
row-0777,-1.48204249,0.30757423,0.23439744,1.52098905,-0.33529975,-1.42509959,0.80851238,1.01140234,0
row-0778,1.42534785,-0.78736079,-0.68960108,0.25917108,-1.48343354,-0.96363274,0.54369399,-0.86692005,0
row-0779,-0.25494264,0.40569875,1.10028463,-0.35570841,-0.44665109,-2.22477061,0.18903868,1.40835509,0
row-0780,1.06265899,0.75997781,-2.47216244,-0.26479169,-0.29912004,0.02774055,0.44255368,-0.37421940,0
row-0781,-0.57751664,2.11132448,0.15362737,-0.13689980,1.42512855,-0.47897730,0.49355610,-0.22306786,0
row-0782,-1.50437561,-1.61156441,-0.45522564,0.11854124,0.11808271,0.69258839,1.75520460,1.05089328,0
row-0783,-0.62585413,-0.16316437,1.59320864,-0.05340091,3.30543614,-1.80478577,1.42812842,-0.51475210,0
row-0784,1.26805690,1.86713649,1.68635636,0.18618252,-2.15591261,0.43519813,0.85166498,0.62480325,0
row-0785,1.52663058,0.85346670,1.04691637,2.32154019,-0.79144807,1.28321156,0.95816787,-1.69898261,0
row-0786,0.03503280,-0.41672466,-0.16808983,1.41226087,0.01982743,-1.77746078,1.40356599,2.28208636,0
row-0787,-2.66900535,-0.96879941,2.67924905,-0.83371484,0.19938586,-0.28049431,1.10995219,0.04110354,0
row-0788,0.19831571,-1.03851584,1.49783702,-0.10896608,0.07702527,-0.60172085,0.27944517,-2.10341539,0
row-0789,-1.79266082,0.90376736,2.07702688,0.07435684,-0.00095506,1.12800439,-0.67037500,0.67621756,0
row-0790,0.38336349,0.30827218,2.80816662,-0.59751459,-0.89460445,1.05795065,1.27678980,2.07251251,0
row-0791,-0.01636400,-0.41552007,-0.16603643,0.52289772,-0.78888257,0.42690179,1.45225427,0.29225493,0
row-0792,1.79638287,2.18153649,-1.26030401,-1.16713133,0.08029520,-0.21715007,-0.47484712,0.01192290,0
row-0793,-2.71682083,-0.27189951,0.76583819,-1.86660198,1.70519680,1.84857471,0.13768919,-0.50067385,0
row-0794,0.01079713,-0.19559993,-0.28332864,0.50957823,-0.92918941,-0.10407356,-0.07274122,-0.80806872,0
row-0795,0.79043160,0.59590095,-1.36487655,-1.08878204,0.31394945,0.74940631,0.58664251,0.51732592,0
row-0796,-1.50825043,-1.33749227,0.76145860,0.09520557,-0.45659547,-0.16833962,-1.36401251,0.73852780,0
row-0797,1.52719772,0.86346617,-0.10035419,0.69550314,-0.09758366,0.64598994,0.11456874,0.15004112,0
row-0798,2.04664698,-0.45594540,0.60563714,-0.86239758,-2.66322912,0.18590617,1.03728250,0.97801051,0
row-0799,0.74011375,0.43178687,-1.92189988,1.80956193,-0.18003382,-0.73135807,0.50073268,-0.38787302,0
row-0800,1.47345001,0.67220339,0.07694226,-0.25727198,1.34136888,-0.69177172,0.32071786,-0.90074514,0
row-0801,0.90177139,0.99331932,-0.79629869,-1.56567186,0.64604184,0.69063894,0.60711199,-1.53239827,0
row-0802,-1.69694400,-0.74946715,1.45922306,-0.36867084,-0.21593303,1.10611183,0.87329078,-0.23223194,0
row-0803,1.35329409,-0.53133871,0.38242953,-0.59688526,-0.42953494,0.15229929,1.29743285,-0.49662284,0
row-0804,0.44593509,-0.16706486,-1.17508399,0.29757712,0.43010947,-1.37329049,0.77518300,1.31117822,0
row-0805,-0.51699429,-1.79937394,-0.07155464,0.78163998,-0.34246825,-0.36407064,-1.05711238,0.44860273,0
row-0806,-2.71603356,-1.55491589,0.57732647,-0.39565873,2.58760142,-0.61591233,2.42050515,2.48734503,0
row-0807,1.50446758,2.40701875,-1.85535931,0.03853263,-0.39341439,-0.03342022,-1.10308622,0.45492559,0
row-0808,-1.20445596,-1.17545781,-0.00780302,1.30227463,0.02946626,-0.11169365,-0.07298060,1.08064804,0
row-0809,-1.71727181,-0.40226396,0.14057504,1.95339056,-0.22712322,0.75747688,0.52180419,0.48450395,0
row-0810,-0.94279831,-2.09441734,-1.61262809,-0.09269204,0.52609391,0.22763943,-0.23231312,2.99612444,0
row-0811,-0.28528314,0.21673769,-0.73674114,-1.13787633,0.87242028,-0.15385155,1.95911652,-0.68553480,0
row-0812,0.35294290,0.63810017,-0.52465699,1.39640303,-0.12968635,0.93528437,0.06125176,-0.09911613,0
row-0813,0.44104981,0.48966535,-1.44046943,-1.38068632,1.02715444,-0.49465475,-0.26148648,-1.50395107,1
row-0814,0.53313178,-0.44664387,-1.43078801,0.29388278,1.03975398,-0.30381621,0.60316123,-1.35488441,0
row-0815,-2.08476406,-0.34375812,0.57114781,-1.05819174,0.68085070,0.91677655,-1.10874827,0.02814239,0
row-0816,-0.17839191,-1.99581562,-1.24183623,0.34472704,0.73746725,-0.76796948,1.93397900,0.62752874,0
row-0817,-1.23092025,-0.45815060,-0.38977183,0.49159574,-0.62143911,-0.80239005,-0.08735367,-0.53640069,0
row-0818,-0.11507248,0.79765424,0.63475627,0.12726159,0.10532779,1.13201668,-2.04337538,1.15660496,0
row-0819,1.06980075,3.23398317,-2.21360304,-1.03899611,1.76812123,0.10450760,-1.78164626,-0.48584145,0
row-0820,1.25100560,2.13510236,0.67374108,1.73397538,-1.35045471,-0.40281817,1.06836152,0.04870530,1
row-0821,1.14860026,2.12100284,-0.29665649,0.04009952,-0.44704058,-0.12878787,0.78334083,-0.67796569,0
row-0822,0.71679426,0.64299352,0.71733484,-0.49704307,0.65503020,1.33860885,-0.71749318,-0.61296334,0
row-0823,-0.74957666,-1.69684943,1.51349270,-0.04134257,0.78341786,-0.21979673,0.79960490,0.41561634,0
row-0824,-0.14421660,-0.76216675,0.89392432,0.61594854,0.86025484,-0.32150698,0.54485629,-1.88570452,0
row-0825,0.55324484,-0.62239085,-0.99588543,1.98599353,-0.15542109,1.16582332,-0.53444570,0.57552475,0
row-0826,0.75240681,1.52613378,-2.86986307,1.71794978,-0.23845273,0.34213707,0.45029301,-1.68618902,0
row-0827,1.94868747,0.13884705,0.58677958,0.68921874,-0.08152422,-0.55306830,-0.23143942,0.46829797,0
row-0828,-0.59261882,-1.07324675,-0.00539909,1.33725329,-0.23036868,-0.35656901,-0.41276146,2.11844149,0
row-0829,-1.48041264,0.30158737,-0.85491877,-0.28080095,-0.70456648,-0.16313511,1.37061869,0.79459592,0
row-0830,-1.92537439,-0.93024689,0.13589843,0.80872777,0.49384483,0.56421848,1.86650691,-0.73554364,0
row-0831,1.10434551,0.96319241,0.45235372,-0.50013451,1.01485238,-1.40927878,0.71152518,0.85296142,0
row-0832,-0.17038379,1.40221368,-0.80408090,0.17417444,0.69165218,-0.00942735,-0.49930498,-0.18567286,0
row-0833,-0.64659662,-1.90138691,-0.06464323,0.15193529,1.03793033,0.81570165,-1.32834302,0.19478915,0
row-0834,0.66179239,0.68851751,0.48596470,1.88008045,0.14770049,-1.47384214,0.85304570,-0.53957557,0
row-0835,-1.69744042,-0.34573924,-1.78253069,0.29823710,-1.35065573,0.49612815,0.48403999,0.04026648,0
row-0836,1.72948387,0.44357191,-1.08027411,0.53654707,0.84957254,-2.15868718,1.12357499,-1.51198118,0
row-0837,0.39709667,1.61380912,-0.49568532,0.67411709,0.72376792,-0.33255812,0.81576707,0.53173402,0
row-0838,1.19727932,0.82486936,-0.56699587,-1.44965793,1.16452444,1.34765840,-0.20488584,1.35842547,0
row-0839,-0.36372437,0.70692957,-1.24870382,0.54952684,0.90742336,0.32457939,-0.70499692,0.36356632,0
row-0840,1.18644341,0.68924901,-1.35436282,0.03918395,0.59477273,0.54139798,0.42798838,2.18771762,0
row-0841,0.34307877,0.72635712,0.66066301,-0.31905651,1.11830808,0.66173885,2.81829053,0.81638046,0
row-0842,-0.28829184,0.49740667,0.67846609,1.65669291,-0.20356349,1.13841864,-0.30193027,-0.39226602,0
row-0843,0.67102797,1.05481781,-0.90715372,-0.79857028,0.94198935,-0.71646040,-1.72721930,-0.02362851,0
row-0844,1.96183256,-0.75993638,-0.56183848,0.57667192,0.13809527,-0.16697023,-0.36901873,-1.73700596,0
row-0845,-1.69752980,-0.53822865,0.62591795,-0.50073324,-0.62217737,-3.10794340,-3.11874685,-0.03174444,0
row-0846,-1.52035388,-0.53355662,-0.71799322,0.56297206,0.60861742,-1.69406988,-1.66182394,1.52986714,0
row-0847,0.16595359,-0.39943934,1.30639424,-0.02567447,1.24891664,-0.33731953,0.45245081,-0.01591354,0
row-0848,1.81754102,0.45355488,1.20994197,0.62296551,-2.03028913,-1.10144329,0.00752790,0.40460699,0
row-0849,1.62727301,1.05744388,-0.62201277,0.30594624,-0.27195115,-1.07757215,2.76040610,-0.24094152,0
row-0850,-0.71830146,2.16916854,-1.24080146,1.13925291,-0.20488065,-0.53757942,0.62169498,-1.16949437,0
row-0851,0.41056000,-0.45076712,-1.91124320,-0.10965229,-0.16256989,0.38462557,-0.93494988,0.56734319,0
row-0852,0.60178830,4.20186972,-0.30226141,1.65588409,0.62046468,-0.39836219,-1.21938927,0.26622373,0
row-0853,-0.30325656,1.18669117,0.27972498,-0.56456637,1.04613621,-1.05725247,-0.65476558,0.91397137,0
row-0854,-2.10516702,-0.77337389,1.34015854,1.96823724,1.59415423,-0.84979197,0.64268897,-0.29739692,0
row-0855,-0.34858137,1.28680899,0.31489122,1.59929154,0.82901207,0.72466012,-2.33884144,-0.68079077,0
row-0856,0.83468412,-2.40433739,-1.56861013,0.05438574,-0.35483301,0.63478321,-1.64746818,0.68663247,0
row-0857,-0.05434138,0.14403755,0.10894427,-1.04705795,-0.00810033,0.62238272,0.50323687,0.62201476,0
row-0858,2.52169198,0.24549753,-0.54124881,0.47286827,2.06097567,0.13377091,0.30427945,0.83570913,0
row-0859,-0.03569041,-0.64552756,1.15716436,2.26259658,-1.23014772,0.14265732,0.54808035,-2.53740308,0
row-0860,-1.39539007,-3.10747537,0.14266175,-1.96446622,-0.79078746,0.50871867,1.51877806,-0.49233544,0
row-0861,-0.98274427,-1.78275032,-0.06931426,-1.85877113,-0.01788852,-0.16809743,1.85476187,-1.41088420,0
row-0862,-0.86994763,-0.21989345,-1.15366719,-0.12862638,1.59555084,2.38945727,-0.17690068,0.88522035,0
row-0863,-1.74171929,-1.78270898,2.32684231,0.37605784,0.58951268,1.42718846,0.20686258,-1.33959386,0
row-0864,0.64792821,0.64663190,1.47511472,0.92369943,-0.26770221,-0.55588447,0.64023879,-0.64778870,0
row-0865,2.35652368,2.04250476,0.27137876,-0.00618354,-1.11963325,1.50635498,-2.41465808,1.21414497,0
row-0866,0.29706184,-1.75528039,0.85841454,-0.56342158,-0.19390576,-0.75356772,0.32118421,-0.81234988,0
row-0867,-2.04985337,-2.05272859,2.84824015,-0.82689716,0.34768282,0.25002895,0.22582826,-0.36990185,0
row-0868,2.48894482,2.94070731,-0.04432764,-0.89357940,-0.88048938,-0.79060520,-0.88018706,0.51046124,0
row-0869,-1.08521288,-1.52961687,0.93112583,-1.24850393,1.48174728,1.29810377,0.88473308,-0.28408161,0
row-0870,-0.50295807,1.41729210,-1.01645597,0.21673827,-0.98018002,1.62178537,-0.64663137,-0.78833826,0
row-0871,-0.38639935,-0.74606821,1.99222133,-1.25798434,-0.04230723,-0.08088601,0.21681439,-0.13939948,0
row-0872,1.96180369,1.87405124,-1.99220935,-0.04805228,-0.87269204,0.62483704,1.14355540,-1.15267921,0
row-0873,-0.26322641,1.25263666,-0.55165441,0.20217759,0.96347016,-0.43910846,0.92368263,-0.36980173,0
row-0874,-0.89400970,-0.34130082,0.65745145,0.18769941,1.56227050,0.35196579,0.35789928,-0.88329767,0
row-0875,-0.33592100,-2.54735062,0.56956918,-0.50217972,-0.19442526,0.39747400,0.15037686,0.02443785,0
row-0876,-0.35651534,-0.87265381,-0.96735272,1.28288617,-0.22473115,1.60731003,0.25757468,1.41102675,0
row-0877,-0.06444922,-0.73628996,-0.37400646,-0.57940308,0.66225311,1.79786034,-0.26900820,-1.79409429,0
row-0878,-0.15606923,0.00242745,0.42621684,0.13394620,0.16995283,1.99930080,-0.19155210,1.75522380,0
row-0879,1.76699746,1.41397352,-0.78699690,0.62942408,1.70609025,0.90170155,0.58273732,-0.35599920,0
row-0880,2.22676221,0.01665234,-0.06331589,-0.48380928,-0.48797816,-1.83951728,1.01268162,-0.73153342,0
row-0881,-0.47983088,0.14416693,1.73529789,-0.83562000,-1.33386152,-1.44229774,0.67884137,0.61541855,0
row-0882,0.14375175,-1.38092210,0.86359951,-0.75927755,-0.10440611,0.98567493,0.94436013,-1.17744245,0
row-0883,-0.23457653,-0.88596668,-1.41973651,1.60572204,0.53682496,0.10064971,1.32783409,0.76784313,0
row-0884,0.98810413,0.52961380,0.17891447,-0.37821796,-1.40271989,-1.78076700,0.37410618,-2.22618595,0
row-0885,1.44839551,0.30638552,0.21161077,1.83162523,-0.51997512,-2.50263897,1.41700242,1.06941955,0
row-0886,-0.74903387,0.07931143,1.94939107,-0.99348421,0.44129335,-0.65479986,-0.45304525,-0.19972389,0
row-0887,0.06179910,0.75082731,-1.63242578,1.70496012,0.46106132,-0.99041815,1.93527629,-1.61230344,0
row-0888,0.75029891,-1.64103366,-1.35848989,1.17041521,-0.37721939,-0.39614283,0.29430462,0.38400435,0
row-0889,-0.76672619,-0.00078962,0.72374424,0.94105312,0.53241512,0.68673887,1.52408963,0.09235974,0
row-0890,-0.65250983,-0.90342571,-0.32675730,0.04028168,0.36801990,-0.14478056,0.67527594,0.26048341,0
row-0891,0.87482724,-1.48460432,-0.04884675,-1.39574694,-1.28884350,-0.64600761,-0.44212723,-0.97319598,0
row-0892,-0.20164461,1.29120869,0.26523033,0.76660332,0.23210925,0.80397271,0.74796742,-1.07495287,0
row-0893,-0.78260858,-0.35050085,2.30961550,0.19558335,-0.08578815,-0.04422766,-0.51483767,0.12609555,0
row-0894,0.22610673,-1.00947874,-0.41550882,-0.09453933,0.15451406,-1.84848746,0.35390173,-0.72864942,0
row-0895,0.14732298,1.14170079,1.45009822,0.82940508,-0.31030321,0.01205789,-0.86167605,2.74293758,0
row-0896,-1.38538159,0.62679671,-0.41389756,0.43042964,-0.17764454,0.30371561,1.84361594,2.04358941,0
row-0897,3.20610173,0.47363850,-1.14539624,0.42452951,-0.29625686,-1.80495448,0.50144860,-1.13623024,0
row-0898,1.56158849,3.02934285,-0.02457463,0.30224917,0.08386330,-0.26177640,0.73741581,-0.67344065,0
row-0899,-2.48268981,-0.08323104,2.11557644,-0.60188137,0.63977461,0.60004306,0.79202051,1.06182395,0
row-0900,-0.03776674,-0.09337313,-1.86396757,-0.73486483,-0.10112044,-1.14950025,0.16045416,-0.32826935,0
row-0901,1.36240191,1.23030348,-0.66856526,-1.56832117,-1.14569043,1.51578189,0.06911329,1.44172074,0
row-0902,0.04171666,1.70620033,0.10891714,0.34807659,1.44885962,-0.96645485,0.19602782,-0.90960967,0
row-0903,0.56778368,-1.50882188,-0.98555156,-0.07578257,1.47528857,-0.53762347,-1.08775575,-1.60685992,0
row-0904,0.65971997,1.14588447,-0.75054367,-1.33029605,0.40987573,0.29414229,0.96737516,0.95283949,0
row-0905,-0.28081731,-1.95855791,-0.67070961,-0.21646405,-0.46189953,0.11564855,0.14078444,0.11676409,0
row-0906,-0.62015334,-1.75151305,0.58331334,-0.29995712,0.40235802,-0.88919627,-0.29079794,0.23744221,0
row-0907,0.36417761,1.06344678,-1.47466709,0.34620155,0.93552625,0.29835555,0.59061963,-0.28695274,0
row-0908,0.66570382,-0.05971646,1.36862075,-0.47758345,-0.05612552,0.71982537,0.23324282,0.37904343,0
row-0909,1.09365505,-0.57910818,-0.06336065,1.22946423,-0.32969898,2.04343834,-0.31763409,-0.96747913,0
row-0910,-0.22158584,0.30268871,-1.23244755,-0.61220531,0.01857839,0.40934248,1.36330055,-0.22569569,0
row-0911,-0.31294016,-0.54239392,1.68049076,-0.76387997,-0.13401749,-1.95211697,-0.23224105,-0.56505199,0
row-0912,-0.66362119,-0.72048543,1.18046092,1.43953796,-0.34806169,-0.18448477,0.08977160,2.03765520,0
row-0913,0.27459345,1.25303543,1.18851481,0.05695054,-0.04427185,0.00734594,0.79083218,-0.80873732,0
row-0914,0.21916563,-0.22677435,-0.91489238,0.16085507,1.17177031,0.05419261,-1.72703639,1.46036195,0
row-0915,0.61424981,1.73993849,-1.34815038,1.01265874,-0.39584378,-0.65431318,-1.81288925,0.48066958,0
row-0916,0.35672537,-1.66674142,-0.03932664,1.27526557,-1.44416653,-0.78942329,0.07785238,-1.41854919,0
row-0917,1.53832629,1.57739085,0.11618074,3.44753519,-0.35629037,0.19585176,-1.36307657,-0.72263550,1
row-0918,0.84859160,2.34971743,1.00050104,-0.04380108,0.13200284,-0.21028260,1.38836392,-2.11944785,1
row-0919,0.91332383,-0.59268135,1.40466680,1.95650580,-0.52193698,0.72945821,-2.04214741,-1.28070004,0
row-0920,0.37433366,-1.44027286,-0.76647993,0.25846192,-0.44227330,0.36340007,-1.24113532,0.24375798,0
row-0921,-0.81577350,-0.54073668,1.00208871,-0.24905431,-0.51180737,-1.10422440,-0.31615175,1.23837648,0
row-0922,1.34185407,1.18975203,0.06159724,-0.67083940,0.20012685,0.23439073,-0.45667447,-0.10075742,0
row-0923,-0.84444000,1.52270094,0.56593264,0.16790344,1.26896402,-1.21095649,-2.52275572,-0.03159633,0
row-0924,-2.99295232,-1.73745670,0.55618003,-0.11304863,-1.05767034,0.72204831,-0.40729273,2.27745868,0
row-0925,0.47524622,1.83279744,-1.07160956,0.66154327,1.74246344,-1.19762387,1.18228874,-0.64809205,0
row-0926,1.20693997,1.63191231,-1.64475259,1.09586273,1.31079933,-0.00013330,1.03767933,0.26603298,0
row-0927,0.30749190,2.75550682,-1.08465562,0.15381753,0.38311511,-1.85552678,1.00692166,0.69398638,0
row-0928,-1.24087012,-0.65768365,-0.74656454,-0.68261375,0.88928506,1.07979132,-0.26680354,0.19736171,0
row-0929,-0.08690104,-0.51251993,1.58130122,1.68387385,0.30063677,-1.28302556,-0.97309207,0.99646787,0
row-0930,0.75357663,2.98381507,-0.12786553,1.04683438,1.05921824,-1.65074400,0.39293345,-1.89962274,0
row-0931,0.29713892,0.25143884,0.62940839,-0.04128842,-1.54083601,-1.03783202,-1.40405148,-0.61223709,0
row-0932,0.04750686,-0.79636554,-0.83432344,-0.32060990,-1.52173155,-1.27832447,-0.13108849,0.53016383,0
row-0933,0.73638253,-0.95274120,0.92688145,1.16239819,-0.45245180,-2.30427891,0.47866733,-1.31355358,0
row-0934,0.37996806,1.25787116,1.80032448,-0.74777208,-0.09361872,0.17775378,0.13540488,-0.99479504,0
row-0935,0.52989992,-0.40384397,-0.67976466,0.06512895,0.18345969,1.93145543,-0.08883727,1.37460157,0
row-0936,-0.94922931,-0.54942572,1.11208398,0.54767445,0.07499126,-0.02518007,-0.74164339,-1.54690068,0
row-0937,0.15131254,1.01068426,-0.06783679,0.44506063,-0.81188876,-0.50643757,-0.15557279,0.97505597,0
row-0938,-0.45267185,0.46087440,-0.74610465,-0.10546288,0.49480485,-1.01264644,0.84386741,1.41672862,0
row-0939,-0.13967281,-0.68942202,0.70867381,-0.51091096,1.32588417,1.58851348,-0.13075670,0.03502132,0
row-0940,1.38319060,0.89135870,-0.90104666,0.99860516,-0.70135798,-0.61721440,-0.05070365,0.84816836,0
row-0941,0.42199313,0.40385245,-0.21342038,-0.42617208,0.31939712,-1.43054969,0.33327509,-0.17384929,0
row-0942,-0.11809608,1.75538565,-0.65591688,0.66520036,1.42230105,-1.46528286,-0.06430567,-0.08962592,0
row-0943,0.70563670,0.38261948,-2.55760621,-0.95294073,0.22307787,0.10084162,-0.07796158,-0.72186093,0
row-0944,-1.35739933,-0.79799196,-0.57985414,0.19898098,1.70732995,1.54658425,-0.88514306,1.62611577,0
row-0945,1.16743243,-0.08737346,1.81793378,-0.37724111,0.70261605,0.28807205,1.61914954,0.38784418,0
row-0946,-0.64292011,-0.79860831,0.25431244,0.21917984,0.42400302,-0.50804358,0.16680568,-0.82876934,0
row-0947,-0.67748656,0.41702737,0.14457889,-0.64463277,-0.05258145,-1.06572991,-1.73842128,-0.31500334,0
row-0948,0.27546636,0.56851669,-0.21853296,0.53845283,0.11411884,1.72471281,0.05676449,-1.81808974,0
row-0949,-1.44476576,0.69278675,2.12944650,-0.42358863,-0.63931073,-0.11428871,0.49504640,1.80845887,0
row-0950,-0.94269530,0.92640079,-0.80027365,0.34242948,-1.01900742,-1.43493500,-1.44344784,-0.47314570,0
row-0951,-0.56348328,-0.20358846,-0.24783206,0.00263058,-0.20665407,-0.05380504,0.35854909,-0.74574230,0
row-0952,-0.18890924,-0.94446908,1.50402773,0.45101278,0.69002610,-0.72602205,-0.15952762,-1.36608646,0
row-0953,-0.55002710,1.17656193,-2.14733526,-0.60035201,-2.04010363,-1.16828873,1.44888714,-0.13756704,0
row-0954,1.18266887,1.35751450,1.67915434,0.62942162,0.24642827,0.36423954,-0.81677315,0.10178503,0
row-0955,-1.39540420,-1.09758992,1.58757160,-1.21025602,-1.46267635,-1.21005760,0.32559441,-0.86186538,0
row-0956,1.27138456,0.50086064,-2.99509963,0.86812724,-0.74127495,1.10130730,1.16489495,0.92999250,0
row-0957,0.82052324,1.41626326,-2.25597851,0.24475884,0.51299321,-0.50373124,0.20988432,-0.09676354,0
row-0958,-0.35451592,-0.66796940,-0.74078775,-0.07744223,-0.17471078,-0.98333841,0.11060491,-0.37087481,0
row-0959,0.07551669,-0.95191212,0.23181975,0.33276404,-1.61641909,-1.43689845,-0.54718589,0.73560357,0
row-0960,0.36963837,0.56844966,-0.23558768,-1.42811219,0.86818381,0.43988955,-1.15895499,1.72514850,0
row-0961,0.90814610,-0.18484206,0.09675618,0.11948557,-0.75501849,0.30688646,-0.53255081,1.24943499,0
row-0962,1.04625059,2.60342233,-0.55992246,-0.80207629,-1.22243024,2.09410077,1.08993560,0.42796548,0
row-0963,2.12475308,-0.91540348,0.00032171,-0.83961687,-0.31098094,0.90424051,-1.91185026,-0.63992260,0
row-0964,1.66147937,-0.46968961,1.20852389,0.73122195,0.56263180,-2.07746277,1.30318044,-0.40269594,0
row-0965,1.26009550,-0.98288374,-0.94757836,-0.11219007,-0.48370352,-0.16719147,-0.27648538,-1.73934712,0
row-0966,0.83633358,-1.08202381,0.32848413,0.19849523,-0.06032189,0.40979157,-0.67993421,-0.71867380,0
row-0967,-0.18811723,-0.38785649,0.88381645,-0.77934587,0.97517928,0.11603197,-0.66934287,0.24564563,0
row-0968,-0.30894791,-2.18564922,0.20544258,1.66414583,0.33162902,2.02625897,-0.84342530,0.02546923,0
row-0969,-0.62893757,-1.32167337,0.46850252,-0.69847619,1.58494615,0.27502849,-1.44758849,-1.38581233,0
row-0970,-1.21951774,0.35460791,-2.23001551,-2.33128707,-0.81119675,0.75024429,-0.33890325,1.23507174,0
row-0971,-1.13186308,0.68443544,0.13713477,-0.77066571,1.08764214,-0.27703833,0.73691355,-0.03422725,0
row-0972,0.34549353,0.14620629,-1.14272932,1.71780825,-0.01288647,-0.36947958,1.24758440,0.77727901,0
row-0973,0.12539508,0.88879928,-1.17791515,-1.40922162,0.85366859,0.06631696,-1.01103999,-1.61045750,0
row-0974,-0.04103051,0.56905519,-0.29577623,0.91728647,0.21719835,-0.82681325,-0.97107351,-1.10528962,0
row-0975,2.11867769,1.52247534,-2.93945840,-0.78633417,-0.71907985,0.28240928,0.17735006,-0.75466314,0
row-0976,-0.70082871,0.42233704,2.34024819,-0.40537331,-0.60444646,-0.36004829,-0.52694723,-1.07641666,0
row-0977,-0.43645257,1.12595078,0.39668133,2.43828587,2.71692037,-0.13717642,1.92085040,0.19519899,0
row-0978,-0.02946839,1.21315280,-0.14143177,0.92028012,0.75320977,0.30420610,0.26208118,0.37015772,0
row-0979,1.78685362,-0.45640560,0.42213974,0.45730642,-0.04615258,0.21881315,-0.73966697,-0.58852687,0
row-0980,1.85848643,-0.21132468,0.80822532,-0.06877257,0.24202598,-0.56109102,0.61042372,0.78579557,0
row-0981,1.48850993,1.18442884,-1.21506037,1.46310716,-0.08741543,-1.74710748,-0.54872399,-2.30731856,0
row-0982,-0.27310537,-0.98439258,-0.04479128,0.11458053,-1.44292003,2.42449503,-0.70141916,1.28949251,0
row-0983,0.99569675,-0.06297958,-0.10665947,-1.23809537,1.48565135,1.41710493,0.40771091,-1.30467711,0
row-0984,-1.41979200,-0.72720970,0.98875089,-1.95864216,-1.00175925,-0.84998848,1.57685750,0.71735441,0
row-0985,-0.89819678,2.38879025,-0.36681046,-1.01649371,0.99091892,-0.27035850,1.12480227,0.61551596,0
row-0986,1.16994614,-0.13118315,-0.34149763,0.16339783,-0.70385792,1.38120514,-2.59596396,0.66944043,0
row-0987,0.60816160,-1.04431404,-0.58777701,-1.17797362,0.25977728,-0.87653601,0.75595324,0.69190413,0
row-0988,-0.57994939,-2.46031137,0.36602556,0.20175193,0.59665104,-0.57908331,0.17191833,-1.48533068,0
row-0989,0.63033390,-0.51025241,1.37094330,1.19630969,0.11067951,-0.19024982,0.19413160,0.33756197,0
row-0990,-1.30832604,-1.65486021,1.35619326,1.07563672,1.10931512,0.04482875,0.83219500,-0.96816048,0
row-0991,1.06329543,2.28874381,0.57438576,1.00282475,2.01412668,1.00644227,2.09001733,-0.68026317,0
row-0992,-2.02112991,-2.33101800,1.28739045,-0.50140037,-1.54691080,-0.21946849,-1.31638730,0.50883428,0
row-0993,-1.02543007,-0.65345233,-0.83351328,-0.82621781,-0.84177589,0.25302896,0.71148578,1.43453681,0
row-0994,0.95451469,-0.09099445,1.43230818,1.15243859,0.36079148,-1.17652322,-0.18781064,0.73720718,0
row-0995,-1.29985458,0.86961307,0.48736068,-0.08428443,1.94689186,-0.70019663,-0.12648485,-1.05362555,0
row-0996,1.15553859,-0.61788267,1.11589711,0.41678771,0.71077580,-0.70901307,0.05967630,1.14892732,0
row-0997,2.00830354,2.81101759,-0.40689923,0.44899774,-0.08037043,0.44197213,-1.12875787,-0.38379540,0
row-0998,2.79347053,3.37509243,-0.38268320,-0.34029512,-0.35549211,-1.85418074,0.13578114,-0.55530604,1
row-0999,1.34362795,0.07714614,-0.83471794,0.17647296,-2.14313458,0.63947554,-0.47208049,-2.19278190,0
row-1000,2.60445069,0.64412011,-0.74445361,0.52732213,0.61208451,-1.28508709,-2.29352431,0.54612529,0
row-1001,-1.50775431,-0.70377290,1.32916235,0.75302876,-1.56172531,0.47011334,-0.18451228,-0.34627803,0
row-1002,-2.26686700,-0.11492715,0.52203690,-0.33788439,-1.16584010,0.46753919,1.18956655,0.73389785,0
row-1003,-0.19488065,-1.27774471,0.63518867,1.32825999,0.48960598,-0.50768700,0.37724435,1.06201639,0
row-1004,-0.59370029,-0.97996715,0.33233742,-0.28551058,-0.32291742,-1.59456769,-0.16394556,0.23816180,0
row-1005,0.01137049,0.80873180,-0.59726169,-0.27253117,-0.52372128,-1.27527753,-0.49726153,-0.53642050,0
row-1006,0.03585144,1.46668932,-0.28108588,1.10028715,-1.71722932,-0.57213337,-1.01006099,-0.92379641,0
row-1007,-1.58850777,-0.91430627,1.03976888,2.51820585,1.35444930,-1.02604922,-0.95275534,0.52695093,0
row-1008,0.80595772,1.13130235,2.45323190,-0.49219789,-0.78222144,-0.41980522,0.31277469,1.41362372,0
row-1009,-0.62400591,-1.92662600,0.54333277,-0.22382925,-0.07821703,0.69158929,0.60798588,-0.82598510,0
row-1010,-1.06951571,-1.03914387,-0.60035458,0.38143271,-0.98080214,-0.02251784,0.33445157,-0.70009979,0
row-1011,-0.08627420,-0.18609528,-0.76827505,0.22853603,0.87971630,-0.87286719,0.08926254,-0.47519387,0
row-1012,1.14233900,1.79981542,0.32109907,0.19660930,-0.06350200,-1.26327160,1.19847627,-0.46611053,0
row-1013,0.83513728,0.20520412,0.31642230,0.20921405,-2.83139237,-0.64172595,0.52775513,-0.85338662,0
row-1014,-0.77458202,0.39490027,0.98688355,-1.08565029,0.65691578,0.00134987,0.16573394,0.94708908,0
row-1015,-2.25724002,-1.16515973,0.77533609,-0.28409410,-0.04573191,0.21678280,-1.03398047,-1.12287022,0
row-1016,1.89057692,1.51491825,-1.80259474,-1.49921554,1.07847303,1.42152638,-1.39284947,1.05070336,0
row-1017,0.19716119,-1.17173605,1.52380921,0.20808497,-2.16536672,-0.58066452,1.09910490,0.75258418,0
row-1018,-0.56806736,0.08754858,-0.75966841,-1.47050693,0.74748433,-0.35671633,1.04932200,2.13815101,0
row-1019,0.89975687,0.63494731,-1.47816083,0.30376041,-0.67212826,0.44860885,-0.33434357,1.52165999,0
row-1020,-1.01141482,0.92451960,0.41417796,1.61784911,-0.50934048,-0.24219012,-1.07018263,-0.19818102,0
row-1021,0.00292735,-1.15285162,-0.46998144,0.06974944,-0.20709040,0.51725139,-0.28626961,-0.30451560,0
row-1022,-0.82404718,0.81066832,-0.20866415,0.87813501,0.51108596,0.63983090,-1.03575848,0.90287872,0
row-1023,-0.61424488,-0.57870865,-0.82194504,0.86388526,0.13783546,-0.23534469,-0.50538183,-1.25332804,0
row-1024,1.36770264,1.58303034,0.47005158,-0.87414505,-0.11669471,0.70963308,-0.18469874,-1.11499008,1
row-1025,-0.88218703,-0.36063947,-0.40133699,-2.24168631,-0.35869886,0.18077768,0.11543296,0.11879227,0
row-1026,-0.55265504,0.30212472,2.35309949,1.57317187,1.36364976,-1.40216978,0.04243771,-0.54239941,0
row-1027,0.46471802,-0.79864404,0.59150551,0.02908068,1.59489956,-0.04265662,0.58050185,-0.54357705,0
row-1028,0.49215904,-1.20014411,0.20244465,-0.37983824,1.47181513,0.80283321,-2.32988716,-0.94020726,0
row-1029,0.47763325,0.80979003,-1.37284046,1.45147293,2.29232775,-0.05493626,0.81316990,1.36009501,0
row-1030,-0.75543871,-0.11874165,1.55109969,0.10590809,-0.00445421,-0.20017076,-0.63591564,0.92070445,0
row-1031,1.48584137,1.21635164,-0.64702331,-0.20790945,-1.35767821,-1.56644425,-0.09478754,0.13955588,0
row-1032,0.86226244,1.09706555,-0.75607833,-0.12395302,-0.94872220,0.24862199,-2.32028897,-1.32823585,0
row-1033,-0.24163291,0.90550553,0.88132891,0.42102733,0.56058950,1.15948497,0.85028808,0.86869410,0
row-1034,-1.18495227,-2.16452187,-0.68496630,-2.06301996,-1.59558039,-0.11056744,-1.37891727,0.57686730,0
row-1035,0.17461824,-0.24682635,0.71527773,2.25238508,-0.41742473,-0.36765387,-0.02195809,0.00341223,0
row-1036,3.26827964,2.81849053,0.34527169,-1.00784210,0.51028903,-0.54783307,1.59817819,0.05792188,0
row-1037,1.17372294,-0.84904088,-1.78665152,1.50930967,-0.16484569,0.36834652,-0.54718007,-0.42653827,0
row-1038,1.63171065,0.40276701,0.24511619,-0.99674868,0.41475199,-0.25681501,-0.71473642,1.56132066,0
row-1039,1.19959879,0.51807006,0.70679285,-1.46576537,0.11977915,-0.91374121,-1.23072708,0.63609486,0
row-1040,0.42055892,1.47403538,0.19039462,2.99827621,-1.33810012,0.31589969,0.89212222,0.45085955,0
row-1041,0.46884543,2.81262154,0.49784654,-0.59659993,0.79592232,0.06512935,-0.86224889,-1.14418153,0
row-1042,-1.17406082,-2.08327514,0.48148242,1.21977983,0.45852689,1.56220726,0.30234785,-1.34478521,0
row-1043,-0.19512880,0.34893190,-0.12536451,-1.44418979,-0.44929534,-0.13233231,-0.94020287,1.00710917,0
row-1044,-1.49926934,0.61474571,2.10251708,1.64443274,0.94241836,0.79174927,0.73815373,-0.21288420,0
row-1045,-0.46287018,-1.21743948,1.38535348,-1.16641829,-0.07082758,-0.89661008,-1.00949196,-1.89193999,0
row-1046,0.21381832,1.93566944,-0.39541468,-0.11272782,0.12584754,-0.53110738,-0.89158902,-0.17607126,0
row-1047,0.13575474,1.36823622,0.67492797,0.62982852,0.14105934,0.26676007,-1.18612294,-0.96292061,0
row-1048,-0.62062351,0.46491978,-1.59353717,-0.48078801,1.18884325,0.82778658,0.75527038,0.21853471,0
row-1049,-0.07193777,-0.43687458,0.78955172,-0.31276037,0.74835131,0.45161886,-0.14105863,-0.14396880,0
row-1050,0.16531377,-0.66975327,-0.96642368,1.71700938,-1.67021901,-0.53676222,1.41291502,1.87131397,0
row-1051,-0.72498679,-2.13024860,-0.04603929,0.90696325,-0.18671372,0.78693630,-0.94870258,-0.41082308,0
row-1052,-0.10724941,1.15858118,2.70458691,-0.06321552,1.07434014,0.78321953,0.51385979,-1.12648951,0
row-1053,-0.09554561,0.63891495,-0.90937314,-0.56417605,1.26086386,-0.41261453,0.72421380,1.07585758,0
row-1054,1.03447837,-0.17410955,-1.85509637,-0.22029942,0.88832404,1.24182458,-0.24912020,-0.03414804,0
row-1055,-1.30497878,-0.61087110,0.56486348,0.76207967,1.06418137,-0.56843535,-0.77153808,-0.83321215,0
row-1056,-0.72925218,-1.95465665,-0.19645222,0.71786263,-0.51282259,0.74645283,0.57610622,0.47790903,0
row-1057,-1.01406216,-0.10082931,0.75178572,-0.36852930,-0.37413766,0.46397816,-1.59841885,-0.48381259,0
row-1058,-0.89595378,-2.18039330,-0.29744993,-0.13523468,-1.12471920,0.06456356,1.60187331,-0.92467513,0
row-1059,-0.85478065,-0.30960477,1.06520229,-0.31531274,2.09772417,-0.91161146,0.82071861,0.66053328,0
row-1060,0.81792942,-0.61061975,-0.28385099,0.42408954,0.73154883,-1.26903063,-0.88418263,-2.43199114,0
row-1061,-0.74512600,-0.48676599,-0.81833644,-1.50831677,0.41067801,0.14436508,0.14695585,-0.53240041,0
row-1062,0.04978285,-1.82049079,0.68037499,0.18840731,0.58493781,-0.22592010,0.59757638,0.67110116,0
row-1063,-0.90506579,-1.15538700,-1.37040901,-0.58916541,0.58887754,0.01830172,1.02254008,0.74206983,0
row-1064,-0.22343351,-1.33752670,0.45685437,-0.72618089,0.16959914,0.85848673,-0.49361379,-0.97434053,0
row-1065,1.58750153,2.01286229,-1.40502736,1.46629210,0.93926720,-0.96701149,-0.90188752,-0.19633763,0
row-1066,-3.02059212,1.15734273,1.02472660,0.31940993,0.65889924,-0.76503501,0.89824719,1.35212939,0
row-1067,-0.22778028,0.24888621,0.15495968,1.16810900,0.81531912,0.23269984,0.82165729,0.54232090,0
row-1068,0.63160477,-0.39102197,1.40786805,-0.77205631,0.09432145,0.60410882,-0.17543957,-0.96849450,0
row-1069,1.78647216,1.62747077,-1.37643226,1.33605098,-0.56767802,-0.84519856,0.20732523,-0.55482283,0
row-1070,1.46630583,0.51517505,-0.56515630,-0.84633546,-1.22565218,-0.29586307,0.15675363,-1.46671939,0
row-1071,1.76276686,1.73122880,0.71511829,-0.64393372,0.30543508,-1.54805105,1.48981533,-2.21702676,0
row-1072,0.78336440,-1.16430237,0.61318898,0.28015008,-0.29715141,2.43094060,0.10632515,-0.20347332,0
row-1073,-1.77600988,-0.65052059,1.18877582,-0.76861675,-0.27820592,0.06262120,0.74945303,-0.81952500,0
row-1074,1.60000194,0.18271072,0.20496682,-0.77475234,-1.52044926,0.77997935,0.11616407,-0.27879580,0
row-1075,0.40523454,0.97652042,0.02159218,0.10799989,-0.13966568,-1.22308789,-0.49336487,0.37669800,0
row-1076,-0.59151319,0.36226102,1.26526663,0.71921137,-0.57459109,-1.33798602,0.36123892,1.88727976,0
row-1077,0.20950203,-1.50474512,0.24077201,-0.12112294,-0.12933555,0.24769240,-1.24017109,-1.01750165,0
row-1078,-0.14333109,-1.47904239,-0.22854397,-0.74565798,1.21213570,-0.32470636,0.95847996,0.66843067,0
row-1079,2.54721296,0.31510019,0.74888856,1.35428088,1.53420396,-0.38580983,-2.93310329,-1.40041656,1
row-1080,-1.55061531,-0.23384795,-1.16459025,1.24423641,0.39419888,0.50772568,2.28554609,-0.23702282,0
row-1081,1.85744216,2.14181529,0.30913115,0.28589708,0.34281827,0.74375828,0.68098502,0.02161946,0
row-1082,-0.78261351,0.03218698,1.06445732,0.35524117,-1.37431231,0.58480015,0.40907351,-0.18004809,0
row-1083,-1.60950528,-1.51809264,-0.60338327,-0.70461847,-1.18168393,0.64226116,-1.09789588,-0.29263751,0
row-1084,-1.10063193,-1.38802148,2.28158353,1.13597516,1.60085610,-1.23269557,0.00794174,0.47897325,0
row-1085,-0.03250317,1.45210127,-0.83688473,-0.17530636,-2.88660473,0.24473575,1.43915639,0.82799018,0
row-1086,-0.95478421,-0.57981255,-0.78717121,-0.57002531,0.11849446,-1.20462718,-0.71176992,-0.95122001,0
row-1087,-0.29357375,-1.94871137,-0.17832336,1.61364557,0.96797052,-0.06285225,-0.94811974,-0.22820762,0
row-1088,0.36541139,-0.20543191,0.21814989,0.63475066,0.52937622,1.12771193,-1.28086834,2.76451973,0
row-1089,-0.93652580,-0.47876203,0.61157013,2.10416541,-0.30962343,1.68755295,-1.00947708,-1.07872196,0
row-1090,-1.52689647,-1.15757852,-0.70759629,-0.69932512,-0.14486176,-1.38469627,0.95424854,-0.51381320,0
row-1091,3.05594966,3.24557868,-1.18009821,0.04803913,0.81614925,-1.48752863,-0.84302118,-1.26065179,0
row-1092,1.64630503,-0.15433140,0.02656671,0.09096664,0.22509361,0.22146007,1.35375985,-0.40961965,0
row-1093,-0.70319375,-0.44598784,1.49796991,0.19615666,0.70235171,1.21284912,-0.98724104,-2.25655947,0
row-1094,1.48712273,1.18596091,-1.72959900,-0.65327580,-0.04660694,0.94592085,-0.57389868,-0.12460125,0
row-1095,-1.89569736,-0.23553706,0.54663685,0.50716871,0.23002090,0.09921792,-0.97956505,-0.51945901,0
row-1096,-1.18104026,-0.27505039,0.90462445,-1.39022405,0.34388495,0.63133374,-1.80005515,1.51915915,0
row-1097,-1.53711656,0.49626443,2.44267051,0.70605787,-0.42303677,-0.92949422,-1.11850207,-0.13964006,0
row-1098,-0.44850005,1.08024217,0.05613503,-1.54276811,-0.36876072,-2.35500188,-1.87403770,-0.23592896,0
row-1099,-0.92458770,-1.04379117,1.30427879,-1.73811838,-0.04437865,-0.28192137,-1.84802344,1.35281629,0
row-1100,-1.32706163,-0.40959773,-0.12995523,0.96480506,-1.38068607,-1.55302738,-0.85139640,-0.16725941,0
row-1101,-1.17063486,-1.11912458,0.52532369,1.14688505,-0.08147077,0.89128801,-0.38343920,-1.03867521,0
row-1102,-1.63707835,-0.25729263,-0.79380783,-0.33407736,-0.83145788,-0.73515778,0.23694775,-0.04270836,0
row-1103,0.84700094,1.12249014,2.10270306,0.33426353,-1.45742545,-0.61486727,-0.55291016,1.48684318,0
row-1104,-1.04042024,-0.88761961,-1.21287965,1.02190951,1.49239770,0.94517330,0.98834570,0.48847085,0
row-1105,-0.39456889,1.51442672,-0.24162067,-0.28305084,0.94890805,0.07208192,-2.01795268,-0.10903980,0
row-1106,-1.22224269,1.37533568,-1.16636625,-0.82281489,-1.04510619,-1.21730138,-0.00837749,-1.64386226,0
row-1107,0.67916286,-0.51600666,-2.04906754,0.12944672,-1.08280779,1.01845952,0.65541923,0.28241641,0
row-1108,0.56598438,-1.14550262,-1.19802635,0.48396700,0.45214282,-1.29811061,0.00986728,-0.10090834,0
row-1109,1.09752120,-1.05701249,-0.01355495,-1.77769904,-0.25147568,-0.94925316,1.37349617,0.28750353,1
row-1110,0.87141875,0.45193772,2.21554882,0.70858295,-1.02035217,1.57011715,0.85609210,-1.14890044,0
row-1111,0.44504045,2.06581033,0.85947339,2.14014039,0.45026421,-0.56185802,-0.12720548,-0.61193447,0
row-1112,0.70326941,0.26238986,1.39689098,-0.23342338,-2.22140128,0.44320679,-0.29658070,-0.22210899,0
row-1113,0.69362210,2.14406619,-0.81787446,0.06470360,0.23833638,-0.21923329,0.09690641,-0.37726683,0
row-1114,-0.95988481,-1.20254474,0.61068852,-1.14316222,-0.71919998,-0.04289511,0.13212784,-1.96176673,0
row-1115,0.77477195,-0.41329802,-1.37957824,-1.04131161,-1.11055921,-1.25860651,0.76069159,-0.03712993,0
row-1116,-0.33501613,-1.07074301,-0.38893532,-0.81248273,0.08567243,-0.47901543,-0.61978854,-0.89488616,0
row-1117,-0.57199923,-1.19159291,-0.28421265,-0.34576846,0.02634135,-0.63366620,2.11405432,0.08661750,0
row-1118,-1.22078099,-0.08636012,2.26063600,-0.20739651,-0.39455397,0.59260734,-0.69801854,-0.71748588,0
row-1119,-1.59077489,-0.75100043,0.96534131,0.85116082,-0.58155923,1.60320136,-1.49579675,0.26710922,0
row-1120,0.39060266,0.01511370,-1.16674163,0.35860568,0.93838102,0.27672460,0.51695167,-0.46341783,0
row-1121,-1.60252404,-0.64706721,-0.56543887,-0.58505517,-0.10617149,-0.71284259,-0.18829613,2.32610620,0
row-1122,-0.13562321,-0.21637959,1.41881679,0.41565398,-0.76479868,-0.45891086,1.20264550,0.00849926,0
row-1123,0.12889808,-0.19863230,-1.27843782,0.78123260,0.70468620,0.85105999,-0.27992520,1.82619976,0
row-1124,1.49098816,0.23454584,1.86032688,1.04449482,0.15655630,-0.94471768,0.86064382,-0.12322823,0
row-1125,-2.38012736,-1.97314080,0.82653812,0.38884978,0.85483667,1.35485827,1.25116950,-0.48183561,0
row-1126,1.77348152,1.81258481,-2.22906668,1.51593296,-0.39195056,0.00284758,2.94529126,-0.29975713,0
row-1127,0.46467618,0.19025547,-1.05774623,-0.25325827,-0.24118318,1.10387770,0.28725329,-0.26687705,0
row-1128,1.43315004,2.04114248,-2.80271982,-1.10399019,-0.69874979,-0.99393473,-0.40685421,-0.59091934,0
row-1129,0.60119969,-0.30270471,0.13541695,-1.39480860,1.08879683,1.32402989,1.06628853,-1.12516193,0
row-1130,-2.05085819,-1.22815396,1.53580287,-0.01191475,-0.69535913,-0.31123213,0.64796071,-0.43168431,0
row-1131,1.07876379,0.21692973,-2.28634755,-1.40781780,0.91206451,1.10631166,-1.62566439,0.79854730,0
row-1132,-0.78982612,3.20225757,0.94887417,-0.90446893,0.92197757,2.53424590,-0.06921176,0.62174119,0
row-1133,-1.23015210,-0.64263655,0.11251809,0.32230997,0.39108203,0.20097959,-0.45580396,-0.17482649,0
row-1134,1.40923267,1.23577168,-1.48176484,-1.42096779,0.28546332,0.14139716,0.36302970,-0.74394577,0
row-1135,-3.22595012,-0.73349379,1.47602566,-0.02039729,-0.30656022,0.55408427,-0.97958418,-0.50085916,0
row-1136,-0.88807347,2.21259763,-0.89321306,-0.67930312,0.48404536,-0.70876450,-0.69718964,0.88097228,0
row-1137,0.91081990,1.62822242,-1.64534525,-0.86410068,-1.42615423,-0.29407421,0.57001215,1.76683243,0
row-1138,1.16980572,1.03394495,-2.35117660,0.21237862,0.52526103,-0.16568394,0.43042196,-2.35186690,0
row-1139,-0.12181405,-0.22284049,0.00880135,0.30859504,1.57808695,-1.66876975,-0.36616420,-0.56255575,0
row-1140,3.55964625,1.35341197,1.66202401,0.03292342,-0.23295464,1.72773871,-1.67140133,1.73982453,0
row-1141,3.18779955,1.50911969,-0.39137763,-0.54260218,1.02349425,0.32697618,0.54452454,1.62831740,0
row-1142,-0.64311268,0.86197955,-0.03348927,-1.06257712,-0.56949275,0.35699976,0.58572990,1.53015102,0
row-1143,-2.14595544,2.12804163,-0.35192918,0.34934903,1.00087123,0.64217184,-1.18089085,0.16444149,0
row-1144,0.12380105,-0.64221723,0.70096329,0.44588069,-0.10980969,-0.55073586,0.66239294,2.21512369,0
row-1145,0.65093892,0.08525873,-0.96306577,-1.38228385,0.75411460,-1.89876812,2.56820770,0.25661331,0
row-1146,-1.85950340,1.67018822,0.73601623,0.06016427,0.12253447,-0.54593088,-0.06417007,-0.27697504,0
row-1147,-0.37034159,-0.35281908,-0.08497974,-0.83118623,-1.37656152,-1.25344498,-0.54149893,0.30107151,0
row-1148,-0.61916221,0.14376525,-1.23784538,-1.50575095,1.70646863,0.05617595,-0.24025341,0.28933488,0
row-1149,-0.03133460,2.05475449,-0.67794259,-0.16664713,0.23730138,0.03885454,-1.60171635,0.30030757,0
row-1150,1.23511226,-1.20233922,-0.77318833,-0.10478159,-0.60087779,0.74875134,0.54482851,0.17813111,0
row-1151,2.83367911,1.78537480,-1.62500637,0.22951501,0.86431187,-0.64349642,1.13323540,-1.42520094,0
row-1152,1.14115817,1.41820488,-1.06879570,-0.55089471,1.11781579,1.43174329,-0.39743627,0.95792850,0
row-1153,1.13945389,-0.67176224,0.59876042,0.85476699,0.18936425,-0.52137530,-0.89041346,-1.38779117,0
row-1154,-0.76433186,-0.68507475,-0.46839400,-0.00681973,1.61828440,-0.49694922,1.49397736,-1.29917059,0
row-1155,-1.89575998,-0.09380216,-0.40483509,2.13196238,-0.45588721,0.85524293,0.99909096,1.29172000,0
row-1156,-0.02174799,1.12242893,-1.97076474,0.76450454,-2.68201101,1.41330504,0.12752218,0.37667365,0
row-1157,-0.72521668,-0.35069673,-1.83958637,0.23793339,0.76942495,1.86578279,1.00295228,-0.18623535,0
row-1158,1.05983396,0.68181163,0.63165736,-0.04621703,-1.45909461,-0.90344550,-0.08248593,0.64202487,0
row-1159,-0.83610180,1.69582247,0.17407436,-1.09344321,1.61839162,1.12235124,0.06503955,-0.77828904,0
row-1160,-0.56471000,1.38329918,0.11382933,2.25158021,1.52157439,0.24410935,-0.44351855,-0.12068926,0
row-1161,-0.97936753,0.54381121,-2.20834591,-0.77857316,2.61024266,-0.56124036,0.76093133,1.68845378,0
row-1162,0.30967310,1.58061299,0.84167119,0.10788056,-0.65676816,-0.04145823,-1.22048489,0.24057325,0
row-1163,-1.49224624,-0.94388663,-0.70827191,-0.25755094,-1.18695885,-3.21395628,0.29371727,0.50937459,0
row-1164,-1.56570627,0.03202415,-0.30979634,1.43858881,-0.66979832,-2.41007582,-0.63208111,-0.59699103,0
row-1165,2.19437082,1.01409583,-1.04242901,0.57978396,-1.03610803,-0.14247235,-0.87191274,0.12942938,0
row-1166,-0.77353188,1.29417115,0.85779295,-0.33673377,-0.59573913,-0.13927907,-1.33541430,1.53193818,0
row-1167,1.22998478,1.36240750,1.23108357,2.26121176,2.73836717,-0.40808728,-0.45704232,0.37214696,0
row-1168,-0.67953475,-0.80956875,1.60593878,0.36193269,2.41305390,0.64363939,0.78242388,-0.19966494,0
row-1169,-1.55162710,-1.51862637,1.20895053,0.62622958,-0.66569423,1.25786149,-1.20867196,-0.15747895,0
row-1170,-0.82051998,0.24827515,1.08237270,0.54739724,-1.12200595,-0.44502300,-0.36832321,1.22292985,0
row-1171,-0.18179663,-1.93072809,0.24985680,0.20973018,0.20328693,-0.65369455,-0.73602475,-0.75379558,1
row-1172,3.04931196,2.18194483,-1.96164369,-0.01071167,0.97612167,1.37746186,0.85693640,1.93783902,1
row-1173,-0.42111853,1.59414782,-1.45920564,0.05342245,-0.31124942,0.14058792,1.35331930,1.05233345,0
row-1174,-0.12861500,1.80435247,-1.33134037,-0.70483441,1.30472404,-0.00737118,0.93920899,1.57504812,0
row-1175,-0.86345558,0.21012963,0.14567293,1.04934806,-0.33991822,3.42276840,0.53335207,-1.02657574,0
row-1176,-1.61366090,-2.29307684,-0.87470704,-0.14522795,-0.25482385,1.48731620,1.19613916,-0.28445591,0
row-1177,1.26303004,1.21611632,0.28151835,1.31404541,-0.34416021,-1.31653150,0.63477158,-1.45973017,0
row-1178,1.66655520,-0.05517425,-0.25084273,0.18021114,-0.20857005,-1.45457188,1.07517248,-0.03749569,0
row-1179,-0.62420680,-1.12475368,1.18570883,1.27961142,-0.39582214,0.73125194,-0.20429906,0.12582422,0
row-1180,-1.60246975,-2.37507744,2.30788751,-1.55704934,2.07709695,-0.29146361,1.72549051,-0.69937577,0
row-1181,0.53329827,-0.31388071,0.05771936,1.08217709,0.94563990,-1.09345518,-0.09766059,-1.67026411,0
row-1182,-0.33336835,-0.34826452,-0.05892119,-0.74205635,0.99737140,0.88292344,-2.44490791,-0.34688768,0
row-1183,1.06107690,0.32302586,-1.66488928,0.77609450,-1.07578503,-1.29170155,0.58300699,1.88033334,0
row-1184,-0.84071550,-1.50767496,0.84850525,0.32807559,0.51138856,0.64553975,0.06481851,-0.44092527,0
row-1185,0.70931583,0.11856625,-1.19178935,-0.23013749,-0.29231049,-0.26926022,1.31344005,0.87300844,0
row-1186,0.70336430,1.22410413,-1.12866485,-0.50154299,0.78850872,0.66143697,0.73181167,0.91780150,0
row-1187,-0.39238938,-2.19919502,-1.53685534,-1.73769885,-0.31934376,0.63824144,0.34584981,-0.66697678,0
row-1188,3.70771368,1.93696556,-0.75189978,-0.23782507,-0.66161611,0.76252600,-0.76122439,0.21132847,0
row-1189,-1.08096871,2.11053788,1.05010368,-0.89666855,-1.18222929,0.47712460,0.65340167,-0.00668145,0
row-1190,1.30745483,-0.72617755,0.61274676,0.80900015,-0.56977023,-0.12879726,1.78059375,-1.18089683,0
row-1191,0.70839868,1.34826788,0.03949336,-0.32998934,-0.38761238,-0.10048073,-0.30780036,-0.82551786,0
row-1192,-0.30407969,0.88106017,-1.75203147,1.83456347,1.27428130,1.56334299,-0.14278379,-0.45900088,0
row-1193,0.14505295,-0.71061913,-0.93997292,1.26858844,1.83495815,-0.27300916,0.12896424,0.78129187,0
row-1194,-0.13760735,-0.83422588,0.27229123,3.03834143,1.30705799,1.08040755,0.15110047,-1.24715512,0
row-1195,-2.88427887,-0.97694211,1.80897983,0.36492844,0.77155810,-0.22555609,-0.02692731,2.12983605,0
row-1196,1.50385286,-0.61166721,0.12282606,0.67208386,0.74664599,-0.45318360,-0.73228792,-0.27762065,0
row-1197,-0.65924566,1.21479106,-0.72039532,-0.05108795,0.28630408,-2.78567975,-1.70332337,-1.03458195,0
row-1198,0.27941312,0.26443371,-1.62541368,0.05914040,-0.37924179,0.95189545,0.40222062,0.34831587,0
row-1199,1.84073414,0.17230573,1.80719676,-0.12422909,2.25962368,0.42351062,-0.11999913,-0.88989107,0
row-1200,1.26907908,0.12920037,-2.01583237,0.33143688,-0.92216545,-1.91357494,0.31038661,0.35291123,0
row-1201,1.13851424,1.50410094,-0.40010478,0.43612591,-0.04413965,0.66772570,-0.85728663,1.16142620,0
row-1202,1.35868678,1.31008979,-0.00463752,0.25734971,-0.24380246,-1.41864621,-0.53227967,0.04855380,0
row-1203,0.15202943,0.00840577,-0.45343871,0.75737969,0.40071095,-1.23225577,-0.26789173,0.26844433,0
row-1204,1.60914431,-0.77123210,-0.31787798,0.44643005,-0.06848266,-0.23629421,-0.52936207,-0.43894985,0
row-1205,-0.90756903,1.01464230,-0.04156427,-1.17855204,0.42703990,-0.99779501,-1.68470699,-1.62404912,0
row-1206,1.74556515,3.52234479,0.45709002,0.73833138,-0.38957663,-0.54552902,-1.21906237,0.22738989,1
row-1207,0.55029764,0.82283138,-0.95506291,-0.59222385,-1.40679739,0.41190538,0.86049838,-1.52482014,0
row-1208,1.01125943,1.66594619,-0.36702645,1.60270460,1.97193740,-1.77472841,0.10305948,0.33579879,0
row-1209,0.94277434,-0.06381179,0.85110224,-1.22152752,0.03874687,-1.33687339,0.25172721,-0.35686330,0
row-1210,-2.60714785,-2.30492655,-0.03959679,-1.66632122,-0.22832323,-0.50674248,-0.63823845,1.11921255,0
row-1211,0.99655591,2.24636000,-1.52087528,0.55072530,-1.16047859,0.06960526,-0.49975259,1.03631531,0
row-1212,-0.33246006,-0.44257061,-0.43239023,-0.13556811,-0.30823130,0.31544336,-0.56320486,1.78745360,0
row-1213,1.10841623,-0.51625688,-0.11877600,0.76894259,0.22743578,0.07068237,0.96445978,-0.20435926,0
row-1214,0.00634967,0.15966557,-1.12331069,-1.09007353,0.48147388,0.69608717,-0.96801286,-0.12684361,0
row-1215,-0.09117005,0.88588165,0.44333834,0.65080298,-0.67651558,1.43041791,-1.30068540,0.03862446,0
row-1216,-0.37948905,-1.74062036,1.71622647,0.61677917,0.55299966,1.21107196,-0.82978211,0.77210930,0
row-1217,-0.12514092,0.57303235,0.56046896,2.21366735,-0.47524191,0.33642597,-1.13452264,-0.81075947,0
row-1218,1.57643326,-0.74787955,-1.51019080,0.70316641,-0.49691921,1.35430845,-0.53352529,0.87890071,0
row-1219,2.11486413,0.62414152,-1.87610931,1.64151094,0.44497137,1.61407480,-0.00311642,0.14477308,1
row-1220,-0.30828707,-0.01585703,-0.52289135,-0.14190772,-0.35515003,0.44283314,0.38735633,0.09494423,0
row-1221,-0.80039253,-0.39025982,0.00870483,-2.48842873,-0.33596134,-1.50404225,-0.17824608,0.80199933,0
row-1222,0.01890572,0.40458938,-1.33957366,0.50575964,-0.44251173,1.65688662,1.00111975,0.36776149,0
row-1223,1.98599907,1.05975772,-0.34132244,0.17939412,-0.31871654,0.27026273,-0.12959413,-0.35037688,0
row-1224,-0.60303665,-0.69912381,-0.74213207,0.17679176,-1.46402122,-2.70831229,-0.06159944,0.18682811,0
row-1225,-1.47361898,-1.07108948,2.04859714,1.62237517,-0.00313149,0.62130253,-2.09232169,0.50878605,0
row-1226,1.17163390,1.76320468,-0.88669067,0.21770698,1.38784119,-0.82124090,1.37111228,1.06414530,0
row-1227,0.73427105,-1.01021837,-0.23876015,0.57608026,-0.83611472,-0.25505810,0.28077032,0.23636096,0
row-1228,-0.20242590,-0.42647159,-1.64172505,-0.12182947,0.25205843,1.23700889,-0.88081779,0.08272978,0
row-1229,0.69625370,0.35749441,-1.98187173,-0.80545630,0.02045997,-0.26690895,-0.19181423,-0.05648933,0
row-1230,-0.25256156,-0.53273047,-0.72686478,-0.38927776,-0.90911160,0.62262629,-0.39380897,-0.75726864,0
row-1231,1.10393074,-0.14572064,-2.35558084,0.27974475,-1.97250843,0.58352160,0.13455174,0.81120942,0
row-1232,-2.21864769,-0.80372776,0.70014990,0.87674645,1.38762597,-0.76787664,0.35115340,0.99134993,0
row-1233,1.33846216,-1.14902180,0.43097760,-0.04058481,-0.47845987,-0.48756415,-1.72121643,1.15725277,0
row-1234,-0.86207582,0.32171791,0.17002547,-0.77552280,1.26017639,0.82343422,0.91199354,0.03961341,0
row-1235,-0.07934979,0.09203749,-1.03905244,-1.73625384,-0.72949179,0.84424919,1.15052316,-1.34814091,0
row-1236,-0.15014372,-1.30450950,1.07564200,-1.05783504,-0.29174053,2.06236182,-1.40772449,0.70612440,0
row-1237,-0.53811261,0.33665407,1.61934330,-0.93639243,0.98134835,-0.40922130,0.20581367,-0.07673881,0
row-1238,1.28459379,1.58937695,2.61164033,-0.72301820,-1.55241718,-0.82607657,-1.01452212,0.17946784,0
row-1239,-0.77113110,0.30652980,0.13622989,-1.69148113,-1.36817071,0.11472990,0.10336837,-1.22550574,0
row-1240,-0.33078025,0.17128428,0.32458468,2.22808033,0.30234858,0.61215690,-0.65629835,1.95584347,0
row-1241,0.47153406,2.16097455,0.29023341,-0.22386184,1.27872010,0.56313814,-0.86701918,1.98641713,0
row-1242,-0.63415965,-0.21616153,1.26306833,0.19057958,-0.55851553,0.43667397,-0.40717544,1.61523812,0
row-1243,0.67502966,1.73147244,-1.92215878,-1.12213563,-0.37849624,1.90379108,0.00188075,0.49054045,0
row-1244,1.51019829,1.67629411,-0.85278838,0.82599007,-0.77339553,-1.68924393,0.24713215,-2.54333990,0
row-1245,-2.05442542,-0.25016914,-0.31293351,-0.47548265,1.15441300,0.14478017,-0.43330369,-0.80926823,0
row-1246,0.04180200,-0.58525807,0.61365136,-1.07006182,-1.05711188,0.42019528,-0.24225732,2.33254047,0
row-1247,-0.66200152,0.63451419,-0.00877495,1.71180900,0.21322695,-0.91140052,1.16228463,-0.12040711,0
row-1248,-1.65749237,0.27791749,0.42689595,-0.02048058,1.20012497,2.15246963,-0.24398333,0.86636646,0
row-1249,0.67021996,1.34483227,-0.32725434,-0.74396729,0.90721687,-0.02192767,-0.46633925,3.22772675,0
row-1250,-1.72897328,-0.69408371,0.64689813,1.58555497,-1.64565618,1.30281944,0.08753897,-0.21701011,0
row-1251,-0.09955005,0.62685089,-0.60986438,-0.74740468,-0.67659034,0.67538444,-3.17118774,-0.25126637,0
row-1252,-0.85756122,-0.35495539,1.44666340,-0.04762559,0.65295920,-0.08237515,0.40887373,-1.41932778,0
row-1253,1.02895209,-1.75500332,1.27672078,-1.62605337,0.51906484,0.07556318,0.05649829,-0.74396843,0
row-1254,0.40860765,-0.54819199,-0.43422304,0.33778911,0.20666791,-0.27465987,-1.60996663,-1.18608867,0
row-1255,2.73608859,1.85372637,1.91363179,-0.56485525,-0.60954081,-0.65734726,-0.70146412,-1.18505839,0
row-1256,1.90448058,3.22262485,-2.12001567,0.92685945,1.26306143,0.89365903,0.57970462,-0.27046646,1
row-1257,-0.78436333,-1.41003679,-0.19162422,-0.46389502,0.64636897,-1.43032806,-1.56463411,0.04621487,0
row-1258,-1.35771500,-2.77889785,-0.39584787,-1.11352195,0.42063434,2.37352854,1.29629332,-0.17077839,0
row-1259,1.61241249,1.13562668,0.30305254,1.19006277,0.73572928,1.79849317,0.02838711,-0.71833059,0
row-1260,-0.62366315,-1.34844123,1.83569679,-0.44529168,-0.54238080,-0.00548740,0.91949680,0.00686126,0
row-1261,0.99732278,-0.88010393,-0.18716380,0.58151830,1.08071823,0.44065995,0.28905513,-0.20262688,0
row-1262,-0.75720294,-0.95657925,-2.10939915,-2.59225925,0.91615882,-0.39994286,-0.77888676,0.29709488,0
row-1263,-2.52549636,-2.83034049,2.47994804,-0.32830051,-0.12544002,-0.86766275,-1.14671735,1.42010191,0
row-1264,-0.11938528,-1.65972845,0.38478275,-0.02274182,-0.71924508,0.73352300,1.34532373,-1.73674144,0
row-1265,0.50365827,2.36692016,0.49901655,-0.34291546,0.75818092,-0.82089543,0.93937286,1.33989762,0
row-1266,-0.63188402,-0.05462495,-0.46481011,-1.48582605,1.36989790,0.56384884,0.76978742,-1.68963648,0
row-1267,1.09451094,0.19670764,0.35610906,-0.23261245,1.12467826,0.11622760,-0.08688344,0.65813177,0
row-1268,-0.57962257,0.53143093,-1.59827142,-0.11227757,0.63929854,-0.92085270,-0.73135162,-1.79323695,0
row-1269,-0.33232265,0.65981989,-0.70222718,0.37702683,1.49689509,-0.45587289,-0.43037703,-0.34620958,0
row-1270,-1.26252185,-0.56833710,1.82886395,1.36143790,-0.37836844,-0.45563591,0.73232353,-1.01152884,0
row-1271,-1.68010101,-1.36870321,-0.11009618,0.81272584,-0.19731462,-0.48508237,-1.03864712,-0.45200397,0
row-1272,1.03541517,0.72753441,2.16737230,-0.83011496,-2.03225250,1.16007197,-0.81472354,0.92768725,0
row-1273,-0.78828904,0.43569444,0.79183779,-1.48986765,2.11673579,-1.50050293,0.25702935,-1.27768750,0
row-1274,0.71024304,-0.48359712,-1.94477331,0.00728675,1.28722783,0.67018472,-0.55048539,0.72083539,0
row-1275,-0.27683846,0.23786139,-0.87007955,-0.20359608,1.96567374,-1.42003718,-0.05168803,-0.36860371,0
row-1276,-0.18949639,-0.15542329,-1.46992265,-1.13696387,1.30969517,-0.70132606,0.11674654,0.93825011,0
row-1277,0.56831924,0.00431488,-0.05503456,-2.14962940,-1.06446225,0.08337260,0.49620020,-0.44745762,1
row-1278,-0.20901830,1.37783091,-0.81178222,-0.09993878,0.33905925,0.91218984,-0.80653208,-0.75515315,0
row-1279,-0.84848077,1.07753731,0.56652196,-0.67230826,0.23763508,0.80360258,1.41371256,0.25884367,0
row-1280,-0.50363842,-0.08292639,-2.99654312,-0.92658397,0.32255038,0.59795885,0.90383640,-0.92121567,0
row-1281,1.68379864,1.69536822,-1.78759296,-0.50803753,-0.75577281,-0.45650378,0.32630874,0.03489676,0
row-1282,0.23042881,0.81874906,1.87822481,-0.16063788,0.16057926,-0.81033971,0.35514993,0.60238965,0
row-1283,1.31067936,-0.56574410,-1.44889110,1.50233276,1.16089685,0.29326338,-0.26919916,-1.55843233,0
row-1284,-2.25129342,-1.30471735,1.53704764,0.81907131,1.35337613,0.79215915,0.51579913,-0.25640435,0
row-1285,0.16379577,0.54125177,-0.48050042,0.20954374,-1.52764674,0.88600719,-0.43001997,-1.18476182,0
row-1286,0.84911828,1.32101422,1.28119127,0.48731176,-0.52773568,1.42227428,0.52738845,1.41850117,0
row-1287,-0.06077833,-0.92706754,1.68087635,0.44153096,2.36347784,-0.76849839,0.56906409,0.66775783,0
row-1288,-0.38797022,-1.70297016,1.33966779,-0.05377200,0.21141555,-0.22750470,-1.01010839,0.60827251,0
row-1289,0.80455634,0.35571382,-1.15681838,0.04969780,1.80647164,1.00241043,-1.87642018,-0.10798040,0
row-1290,-0.19942383,1.08294824,0.30085209,-0.56332203,-0.54790366,-0.69813143,0.70429455,0.85112808,0
row-1291,-1.46237701,-0.35039960,1.60163658,-0.59744140,-0.64175697,-0.88872390,-2.46868635,0.87927138,0
row-1292,-1.94240871,-0.42829770,0.92040292,-0.36118547,0.30866972,0.61936078,-0.27692278,0.09997176,0
row-1293,-1.97334139,0.31933378,1.14195834,1.30780164,-0.36740418,1.05424609,-0.43269965,-0.57879808,0
row-1294,0.56634100,1.08547912,-0.50660279,1.87556932,0.14595455,0.43454696,-0.52287779,0.93701343,0
row-1295,-1.33478305,2.31936184,-0.36769832,-0.35880558,-1.28111118,0.06701435,-0.64783687,2.86923993,0
row-1296,0.02933974,-1.21589181,-1.76192371,0.83569149,-1.11039847,1.51047362,-1.89350966,0.76984924,0
row-1297,-1.07569745,0.62566190,0.37718091,0.27951954,0.14070939,0.63528202,-1.81131033,0.94936126,0
row-1298,1.28179847,2.34474157,-0.19685042,0.68144018,-0.50483189,-0.18426350,2.29960065,1.36443050,0
row-1299,-0.69439545,1.33665572,0.52367051,-1.51239974,2.27072128,0.43860126,-0.16813878,0.02500332,0
row-1300,0.90969984,1.33914997,-1.37075781,-0.74234986,-0.28021651,-0.33354544,-1.09340887,-0.06714405,0
row-1301,0.46284170,0.19819449,1.55412530,0.21906744,0.49937406,-0.90228918,1.29239418,-0.22215376,0
row-1302,0.42097722,0.34234797,-1.05998094,-0.22507836,1.11982474,0.07127807,-0.21059691,-0.27891497,0
row-1303,2.08623434,2.49102504,0.59001035,0.01774473,1.33066095,-1.35562682,-2.26493672,0.97431044,0
row-1304,-0.68464455,-0.32617313,0.08296464,-0.88669863,1.01814346,-1.08853332,0.30694289,0.75504422,0
row-1305,0.60146126,1.79527480,0.46451266,1.29245880,-0.35322873,0.50740540,-0.91554183,0.64966798,0
row-1306,0.03252396,0.32082323,-1.44951926,-1.24943463,0.04311063,-0.67935754,0.81775600,-1.66516471,0
row-1307,-1.59597710,-0.05334555,-1.17866647,0.34920117,0.38707318,-0.45726190,1.14560192,0.31538063,0
row-1308,0.08022716,-0.39041587,-1.24300245,0.29043599,-0.51282765,0.16525829,-0.52270693,0.27453108,0
row-1309,-0.72907284,-0.82159954,-0.15744822,0.23741866,-0.29285401,-0.00254605,0.07151093,0.05462187,0
row-1310,0.91133640,1.31460206,0.00091418,-0.22595555,-0.87440210,1.20400138,1.08758136,0.36633933,0
row-1311,-2.07326056,0.05213527,-0.52454423,0.81827308,-0.00166515,-1.52585248,0.71341426,-0.05411513,0
row-1312,-0.70268950,-0.82902021,-1.54756656,-0.44577587,-2.06750339,1.76062865,-0.34411448,-2.22388470,0
row-1313,-0.15057279,-0.75803314,0.00052149,-0.84886583,0.36119904,1.37954030,0.62116204,-0.19515810,0
row-1314,0.89701596,1.08269414,1.57168095,-0.15757708,-0.33751512,-0.48112162,0.14768361,1.38464104,0
row-1315,0.50995857,-0.26028600,-0.33932299,0.80798618,-0.46076177,1.31109268,1.24260092,-0.68764996,0
row-1316,-1.88164170,0.28605742,0.44151200,-0.45763781,0.61758454,-1.76355431,0.29527296,0.03142126,0
row-1317,-2.59585338,-0.57862593,2.82119367,-1.66360421,-1.28709624,-2.96653633,-1.86972244,1.75650941,0
row-1318,-0.29492673,0.01100102,0.47125619,0.05458351,1.88370926,-0.30152306,-0.32638659,-0.66078066,0
row-1319,-0.04988475,-0.24692942,-0.92756815,1.13770695,-0.31196351,-1.05010356,-0.33744258,-0.29269607,0
row-1320,-1.46240663,-0.48767301,0.03619525,-0.37812976,-0.01496274,0.33564560,0.72787041,-1.64969228,0
row-1321,-1.88840307,-0.85686642,0.34616939,0.50027349,-0.61474719,-0.06488458,-1.87067805,0.58547005,0
row-1322,1.56533639,-0.44562020,0.08786507,0.39205569,-0.07845918,-0.75208692,0.08472388,-1.25491285,0
row-1323,0.80891368,0.23897927,-1.20426831,0.59342675,0.33298538,1.97546916,-1.00903617,-0.58456808,0
row-1324,-1.73801221,0.18381187,0.02956071,0.27248739,0.45702895,1.35129074,-0.18109536,1.15793576,0
row-1325,0.39222413,-0.89789317,-0.69362145,-2.06279856,-0.84739375,0.92205729,-0.22779332,0.12780628,0
row-1326,-0.97832703,-0.61315454,0.90847554,1.06344584,-1.02691577,-1.17443193,0.18884551,0.09748622,0
row-1327,2.39866018,1.77176927,-0.53980962,0.33212559,0.48427959,1.38646342,-1.22395722,-0.36326847,0
row-1328,-2.35730779,-2.57736893,0.10850592,0.21265462,0.18950789,0.24878485,0.80773543,-0.02100046,0
row-1329,-1.61622728,0.16468719,1.83508535,0.09312058,-0.12255389,1.22361625,-0.60086471,1.72507109,0
row-1330,0.19167295,-0.90926231,0.25182227,-0.58660551,-0.97832763,0.13751411,0.59965321,-1.32721126,0
row-1331,-0.27783249,-0.61909684,-0.85179244,-1.71320588,1.03287501,1.33855274,-3.00076533,0.42344868,0
row-1332,0.73687557,-0.34444437,-1.08260058,-1.65909316,-1.67214351,0.48059586,-0.90116482,0.00441183,0
row-1333,-0.61815803,0.69795351,0.77306256,1.50666697,-0.76657071,0.77937104,0.36847707,-0.61097416,0
row-1334,0.48455286,1.80230913,-0.88804151,-1.68752610,1.12325159,-0.49030524,-0.55857451,-1.16210041,0
row-1335,0.74810273,0.50554346,-1.14833764,0.63764557,-0.48884740,-1.66211489,0.04097631,-0.28259112,0
row-1336,0.46094674,-1.82225046,-2.54779993,-1.03436329,1.59681908,-1.77040057,-1.37854247,0.69267203,0
row-1337,-2.14722220,-0.49300446,1.22707142,-1.12901471,-1.40713634,-0.55904506,-1.42449785,-1.02598543,0
row-1338,1.10636636,-0.56554575,-3.08612297,-1.35506166,-0.28274359,1.29977190,0.54254387,1.86642011,0
row-1339,-1.26653517,-0.97565426,1.28229749,-0.39283574,0.04330466,0.65015119,0.64286016,-0.11286029,0
row-1340,1.45500153,0.09939532,1.21795107,-0.01235759,-0.76551899,-1.33310682,-1.14662617,0.49229139,1
row-1341,-1.02498489,0.40322931,0.39792414,-1.23400880,0.31456676,1.06930328,-0.49535531,-0.06293426,0
row-1342,-0.75495784,-0.07381233,1.55578804,-0.60659165,-0.67463311,1.38321715,-1.18479120,-0.70495661,0
row-1343,0.34693298,-1.77872036,-1.32476530,0.23240377,-0.01148113,0.38655345,0.68985124,0.68492135,0
row-1344,0.06621415,1.88138072,0.66615000,0.26466871,0.96848861,1.16004735,-0.50415339,0.51724825,1
row-1345,-1.59617163,-0.37864597,2.07621090,-0.16244420,-0.47725554,0.03135247,-0.80008768,0.33333926,0
row-1346,0.62268652,0.43298154,-3.68609997,0.36914498,0.09734252,0.96628048,0.77375422,0.31262948,0
row-1347,0.28780981,-0.82254908,1.40465488,0.36488442,0.45209457,0.17860233,1.57778042,-0.23126868,0
row-1348,0.38557895,0.14053116,1.54990256,0.02487518,-2.29291079,-0.44481072,0.58435190,1.31090428,0
row-1349,0.22609295,-0.47896862,0.96229900,-0.20602862,-0.18118156,-0.04860189,0.69460580,1.10056348,0
row-1350,-3.36953865,-1.23753199,0.49047483,0.02442817,1.02103372,0.06870266,1.36984806,1.73845632,0
row-1351,-1.41482738,-0.90437383,0.14300814,-0.94041600,1.24914813,-1.49278386,-0.68572238,0.24121903,0
row-1352,-0.04131832,-0.12440288,-0.07812580,1.48761784,-1.26058196,0.00094147,-0.21584902,0.06400506,0
row-1353,-1.04692678,-1.42153502,1.04996755,-0.64669682,1.18020978,0.15449103,-0.82337968,0.69965546,0
row-1354,0.55704521,1.79197411,0.90149748,-0.24718574,-0.55467335,-0.57743949,0.39772037,-0.48371007,0
row-1355,0.28725427,-1.64061486,-1.95744504,1.40862624,1.47680457,-0.37270655,-1.32768486,-0.55786958,0
row-1356,1.92003017,2.30589494,-0.52942407,-0.12924572,0.15719296,-0.99987770,0.42308349,-0.95294562,0
row-1357,0.14835979,0.99020084,0.47903198,-0.40908175,0.38394654,0.58931790,-1.03676332,-0.61749677,0
row-1358,-0.74318085,0.50149884,0.56752598,0.68795897,0.21391015,-0.15656553,-0.56677046,-0.94929202,0
row-1359,-0.84394495,0.63144482,0.40064781,0.56781867,0.67358016,0.83145364,0.44215475,-0.46490679,0
row-1360,-0.26477086,1.49503127,1.16265892,-0.94517570,-0.89819548,0.41854074,-1.98332705,1.10109770,0
row-1361,-1.42192497,0.24035612,0.01940663,0.28115663,2.53583895,0.27482883,-0.32002542,-0.24070455,0
row-1362,-0.47447153,0.33472023,-1.38650037,0.23055797,-1.24867931,-0.42675313,0.46060930,-0.62876963,0
row-1363,0.01797738,-0.95814900,0.48136212,0.70304782,0.45667767,-1.08692022,0.78996927,-0.61405042,0
row-1364,1.29235784,0.81668145,-0.95295148,-0.74104321,-0.60500229,0.23043758,-1.09004536,-1.51126143,0
row-1365,0.33804786,-0.27133471,-0.47401738,-0.18161395,0.53737022,-0.05810885,-0.28418892,1.19355643,0
row-1366,-1.59281898,-2.70031993,0.28554088,0.85843748,-0.72119915,-0.72799781,-0.96774239,0.29747592,0
row-1367,-0.87850217,-1.76363786,0.61601082,2.35046291,0.98531737,1.71230134,0.19109778,0.19409859,0
row-1368,3.98068109,2.30039585,-1.90646607,0.80931305,-0.55623640,-0.06730169,0.20928803,-1.66049106,0
row-1369,0.41169049,1.78067414,-0.06417725,-1.09336714,-1.42141591,-0.90745317,1.13398149,1.36803529,0
row-1370,-0.18882380,1.44564799,-1.17224595,-0.01852010,1.00934326,-0.22271283,-0.93779054,0.14847093,0
row-1371,1.05213294,0.16681483,0.70586562,1.13246767,0.77846803,0.57524884,-1.29427423,1.76841185,0
row-1372,0.54727116,1.81273296,-0.33657888,0.54714043,-1.14228128,2.73117466,0.71084710,0.21476639,0
row-1373,-0.62354018,0.53675332,-0.01042440,-0.00629196,1.32818485,0.98169282,-0.32545212,-0.13263196,0
row-1374,-1.47211335,-1.73921002,1.57252366,-0.69418830,1.19011831,-0.50866340,0.72933446,-1.21366782,0
row-1375,-0.00964275,-0.13439503,-0.60044214,-1.06442480,-1.47589714,-0.12989757,-1.58755128,-0.49374713,0
row-1376,-3.73347092,-1.47705369,3.50145489,-0.76387023,1.38633560,-0.16515032,-1.41051874,1.04747016,0
row-1377,1.67588333,2.23972005,-0.79112139,0.69614054,0.15020041,0.04262940,0.69852317,0.77196317,0
row-1378,1.88250997,1.21838166,-1.08825728,-2.77358750,-1.26676050,0.75204571,2.97680802,0.14306301,0
row-1379,0.04841718,-1.57525444,0.35325323,2.17937228,0.75582263,1.28916618,1.12078171,0.97859298,0
row-1380,-0.28985955,0.10899281,-1.22420569,-2.45663462,0.48582664,-1.11530723,-0.58643476,1.33993739,0
row-1381,-1.40840238,-1.32357924,1.40897822,1.25510092,-0.25268369,-1.18502763,-0.24295907,1.32024162,0
row-1382,0.24528552,1.53730334,-0.10914143,-0.56230883,1.05155086,-1.60517496,0.01135282,-2.03639749,0
row-1383,0.92410887,2.86796617,-0.20641548,0.35104983,0.28856782,1.72535230,0.55374592,-0.51513798,0
row-1384,0.92846430,0.93688307,-2.17987179,-0.86209197,0.52721069,-0.77036789,-0.34244602,0.06585393,0
row-1385,2.44392987,0.50777369,-0.30539910,-2.25467857,0.95600279,0.35715134,-0.94171005,0.42756760,0
row-1386,0.80132016,0.03615387,0.24007153,-3.48563844,0.29593312,0.90321465,-0.44012167,0.23764815,0
row-1387,1.08581045,1.46678597,-0.18225672,-0.85253307,-1.09534437,-0.77478897,0.27819092,-0.36714803,0
row-1388,2.02793778,1.61662025,0.23087961,1.85834685,-1.41213358,0.41818549,-1.48852237,0.18774006,0
row-1389,0.07475877,0.23185148,-0.67774715,1.86137046,-0.96846059,-2.01648096,-0.45781496,-1.40853923,0
row-1390,0.74793793,0.19033057,0.21349860,0.41446011,-0.00959654,0.02001339,0.00507344,1.56054212,0
row-1391,0.29034689,-1.70163048,-0.45321837,0.04774463,-0.49010240,1.84010001,1.24005976,0.59962829,0
row-1392,2.60666269,1.72836458,-1.49883728,0.49618300,-1.38670866,-0.71162653,0.01602992,-0.21012006,1
row-1393,0.74116362,1.19030956,-1.67840871,0.18762725,0.81632198,-0.25560626,-1.04635006,-1.50865536,0
row-1394,-1.15560856,-0.87447146,-1.04537466,-0.34535122,-0.59461182,-1.51284045,0.37542054,0.33871887,0
row-1395,0.37981269,-0.34356757,0.53124876,-0.00578833,-0.13872695,-0.80290133,-0.43618929,0.76217974,0
row-1396,0.93510409,-1.89145557,1.32176631,-0.73315337,-1.29991529,-0.10967351,-0.84178926,-0.54015046,0
row-1397,-2.45280432,-2.23029174,0.24497845,0.58292007,1.82826032,0.58025286,0.32847941,-0.93768266,0
row-1398,-0.34604388,2.01050088,-0.61516696,0.71012086,-0.83065808,0.66426163,-1.51457819,-0.38778258,0
row-1399,-0.20509322,-1.42404636,1.18085054,-0.46990762,0.40770477,-0.43870117,-0.00166879,0.44237988,0
row-1400,0.16320530,0.97908432,-0.16225690,-1.16576324,-0.09384398,-0.11708834,0.66198479,0.11841281,0
row-1401,0.96204155,0.23243223,-0.96485910,1.15240895,-0.24480271,0.40129161,0.35655791,-2.61498836,0
row-1402,0.57378606,-0.71864187,-2.05229931,-0.02986260,-0.79874480,-0.94853191,0.77779003,-1.92586776,0
row-1403,-0.80775593,0.75703760,0.57861442,-0.28167007,1.30335247,-0.29871567,-0.84671184,3.28117669,0
row-1404,-0.62188871,0.77423828,0.55872769,0.35152663,-0.07837667,0.49808683,-0.91207827,-2.02292317,0
row-1405,-1.05668144,-0.65859463,0.16100189,-0.61174016,-0.19439991,2.09868105,1.10298132,-1.47549660,0
row-1406,-1.50597018,-0.52502093,0.38533329,0.09219950,0.70217170,0.32098932,-0.66570043,0.31283330,0
row-1407,1.20521057,0.83293274,-2.30256203,-0.47100037,0.16875694,-0.06691754,1.10121093,-1.19435198,0
row-1408,-1.12831413,0.30456332,-1.70433294,-1.31721866,0.02784902,-1.23890991,-0.26950102,0.36445038,0
row-1409,-1.26726352,-1.79953306,0.86156708,-0.61738482,-0.09412945,-0.14059250,-0.80673849,0.38271956,0
row-1410,0.88884391,1.89795013,1.47265157,-0.07241093,-0.60420369,-0.20257662,0.74386165,0.55453960,0
row-1411,0.80408991,-0.31123797,-0.36242757,-0.82184679,1.53363107,-0.02038073,-0.25571127,-0.30526531,0
row-1412,0.60093841,2.48612690,-1.19164282,1.57000395,0.69093662,0.04209625,-0.79233163,0.73445656,0
row-1413,1.07310196,2.07892586,-0.07352461,-1.06381064,-1.14307599,-0.07753938,-1.32080855,-1.15513112,0
row-1414,-0.01326049,0.61829768,1.92059122,-0.72846855,-0.21315166,2.19999580,0.25306645,0.59493099,0
row-1415,-1.44059183,-0.98406996,1.23248448,0.46898344,0.49289799,-1.13475414,-2.25404886,0.30361661,0
row-1416,-0.30227452,0.95744965,-1.46971987,-1.65342269,0.74778055,0.16418076,-1.00145432,0.69006748,0
row-1417,0.21908560,0.98529985,-1.58160478,-2.58511628,-0.06373270,-1.89569018,1.59362417,-0.70398070,0
row-1418,-1.32835783,-1.14518693,1.46618462,0.22021836,-0.16006031,0.49344172,1.20367313,1.46954381,0
row-1419,-0.31610856,0.76407099,-0.07957629,-0.12219313,-0.44428546,1.02367869,0.29902050,0.33524391,0
row-1420,-1.85487726,-2.12848940,0.15875547,-1.19544356,-0.41841878,0.03672944,-0.50374250,0.65507285,0
row-1421,-1.99416782,-1.71402284,-0.31226811,-0.24314593,0.46060831,0.11499596,1.37147012,-0.55250950,0
row-1422,1.53130887,2.60620915,-4.60498885,-0.37285274,1.91094668,2.69939526,-0.31845809,-0.76996500,0
row-1423,0.83218427,-0.39865461,0.44572407,0.13401190,0.17612317,0.40543117,0.79284216,0.92741039,0
row-1424,-0.57408203,1.79103104,2.13527954,0.09879042,-0.86983105,0.93420210,0.91937555,-0.35236929,0
row-1425,0.41722188,0.12208715,0.22324907,-1.67306875,0.34805598,-0.21186809,-0.54165432,-2.27591680,0
row-1426,0.17616302,1.82165307,-1.32556544,0.82095811,0.59990176,0.78417035,-0.36427515,0.31813658,0
row-1427,-0.92253576,1.20949930,0.47265848,0.33736063,0.08428077,-0.03052489,0.22879947,-0.18590810,0
row-1428,-0.33986435,0.72130036,0.21617234,1.97243047,-0.78585943,0.01373455,0.90162701,0.88691993,0
row-1429,1.94704454,0.99183373,-0.55430985,-1.04222914,-0.06928681,-0.51581321,-0.14160340,-1.85306944,0
row-1430,-0.80868522,-1.47915256,1.06188748,0.92759803,-0.92675049,-0.24248216,-1.90512492,-0.73636168,0
row-1431,-0.90062763,0.61287653,-1.58663563,1.20419650,-0.14347361,0.52179277,1.01580167,-0.16926274,0
row-1432,-0.97900223,-2.05126106,-1.19296229,-0.20523663,-0.73933628,-0.04255214,-0.03311656,1.00484088,0
row-1433,0.85830508,-0.91584014,-2.23028732,-0.84983197,-2.28906463,-1.26224960,0.01207780,1.57574848,0
row-1434,0.65580037,0.43440208,0.07731221,-2.04511238,1.59214786,-0.08116451,0.48203916,0.68688843,0
row-1435,0.90062696,0.99826349,-0.86600972,0.47329565,-0.53298976,0.18407661,-0.30675259,-0.41104294,0
row-1436,0.89760109,-1.30721011,1.22723502,0.06864506,1.25689063,0.35187250,-0.43776247,-0.49522619,1
row-1437,0.74759757,-0.92663853,-0.77403026,1.45743827,-0.24738497,0.31320456,1.11589668,0.02143920,1
row-1438,2.53409812,2.39093754,-0.52541480,-0.25103462,1.00190852,0.40452355,-0.37367107,-0.19311559,0
row-1439,2.34756763,0.87690818,-1.95470009,-0.24567690,-0.82923257,1.17449032,-1.45047096,0.47791454,0
row-1440,0.66027254,-0.58480743,0.50402734,0.39881815,2.13181429,0.72668375,0.07858996,-0.70012055,0
row-1441,0.91117930,-0.33599644,0.45450482,-0.19441260,-0.21835634,-1.19529399,-0.29363534,-0.74038546,0
row-1442,-2.10408872,-0.68827083,0.26563088,-1.89667037,-0.85144717,0.04492901,0.81413736,0.61702640,0
row-1443,-2.03531162,-2.20730960,-0.70613482,-1.17270944,-0.62449161,-0.11880008,-1.22573287,0.02282455,0
row-1444,1.48790807,1.15611320,-2.55620070,-0.49997801,0.24158576,-0.63960090,0.07664222,-0.17412162,1
row-1445,-2.61884041,-0.40970786,0.69318948,0.66071997,-1.56763967,1.10981430,-1.03491503,-0.76764439,0
row-1446,1.41131062,0.89938505,0.31283255,0.86797454,0.25692841,-0.73095512,0.13286106,-0.35969622,0
row-1447,0.75383234,0.38747115,0.94863958,0.59504735,0.67041520,0.77993785,1.07958674,0.30540330,0
row-1448,-1.86660576,1.30061313,2.80084530,-1.51853408,-0.47834038,0.12707894,0.68323239,-0.18807232,0
row-1449,1.19348544,0.23638009,0.55041988,0.55637881,-0.92803890,-0.57777570,0.23212763,0.88295906,0
row-1450,0.41779537,0.63317025,-1.85081547,-1.37076571,-0.32355008,0.02059025,-0.29987933,-0.46676011,0
row-1451,-1.79408409,-2.09876997,2.69037140,0.07671079,0.28561705,-0.63720506,-0.76209736,0.47157737,0
row-1452,1.64688218,1.50379430,-0.96485325,-0.83099206,0.40965466,-0.68289808,0.85901640,-0.07780724,0
row-1453,0.64177416,0.65371793,0.98481703,0.10737594,0.27483599,0.51568699,-0.12765853,-1.61880446,0
row-1454,1.96277250,1.78239781,0.16574568,-0.07685793,-0.80776361,0.33235802,0.37467846,0.57565050,1
row-1455,-0.18176764,-0.84879008,-0.96182843,1.75029350,0.00522618,0.29765465,0.92150045,-0.65933216,1
row-1456,1.00244899,-0.80886510,-0.82807071,0.37483421,-0.29875372,0.06241183,-0.68707640,0.27243990,0
row-1457,0.57250999,2.09040395,-0.33204039,1.20580829,-1.41480160,-0.50933312,2.20540709,-0.71708768,0
row-1458,0.80453216,3.33363202,-1.12296530,1.88532283,2.86609203,-1.26689931,-0.26525067,1.00749281,0
row-1459,-1.32548799,-1.35401848,-0.00457946,0.76341120,0.36321623,1.58499013,0.02747831,-0.19926610,0
row-1460,-0.39939673,-2.79663167,-0.15357637,0.34948026,-0.35069120,-0.73436335,-2.02053678,0.19709589,0
row-1461,1.88903873,0.92511234,-3.15983220,0.28388606,-1.43017647,-0.79401461,0.79766826,0.90728089,0
row-1462,-0.83672944,1.03759425,2.06654877,-1.36461454,-0.07222702,0.55592467,-0.49371939,-0.86147495,0
row-1463,-0.85904724,-0.38685658,-0.14671791,0.47072319,0.45997394,0.95114680,0.39931808,-0.54783865,0
row-1464,-0.27025678,-0.63064095,-1.11876894,-0.27251444,-0.27196722,-0.22857665,-1.23704119,-0.06781760,0
row-1465,-0.57049049,0.07618872,0.59498582,-0.20204055,0.16899646,-1.73208777,0.24260408,-1.51301607,0
row-1466,0.13167603,1.24998381,-0.19056552,-0.06976345,-1.42198942,1.33246012,0.74416044,-1.79606159,0
row-1467,-1.25656615,0.94560556,-0.33567225,-0.27464974,-1.79114844,-1.92781365,0.56216469,0.09208676,0
row-1468,-0.00705712,1.24800073,1.90930092,-1.01924938,-1.32440823,-0.02859824,0.42063400,0.52038534,0
row-1469,-2.00761572,-1.40082419,-1.78643233,0.12218621,0.55106006,0.28781047,0.09795113,-1.17574217,0
row-1470,-0.42549560,-1.02198354,0.15077087,-0.29418589,0.06128397,1.40412053,0.44506621,0.73404696,0
row-1471,-0.85188449,-0.77472528,0.17628974,-0.79135135,0.57272527,0.78785772,0.73922644,0.72035487,0
row-1472,-0.50446146,1.20636872,-0.23867235,0.82116736,0.26110888,0.63010058,1.15017959,-0.16211280,0
row-1473,-0.43869222,-0.60460629,-0.05070322,0.41011559,-1.10578109,-0.82593353,-0.90722478,0.23279202,0
row-1474,1.71021475,1.64665814,-3.53753555,0.75573006,-0.95980012,0.24905716,0.25146830,0.73641040,0
row-1475,-1.79406853,-2.09327904,-1.18829142,-0.37537816,1.41103146,-0.83167285,-0.11846945,1.62145434,0
row-1476,1.14251487,-0.10544385,-1.06445804,0.55315602,-0.51648670,0.54986086,1.49353152,0.55127013,0
row-1477,0.88392619,1.37356458,-0.95026618,-0.48899636,-1.21823957,0.88413669,-0.18253491,-1.20075536,0
row-1478,-1.78713975,-0.93235629,1.31865362,2.03962694,0.26690604,0.02152499,-0.52842638,-0.33500742,0
row-1479,-2.22084047,-1.13401677,1.76354454,-0.18585722,-0.28035983,0.06830547,-1.86019678,1.53526787,0
row-1480,-0.71746402,0.63580799,-0.15563013,-0.51324116,1.96750780,0.68402566,1.62501499,-0.17316945,0
row-1481,-1.40860988,-0.83431934,1.26149282,1.86996210,-0.19327081,-1.47373447,-0.84228483,0.16159578,0
row-1482,-0.92233219,-2.16365056,-0.48799770,-2.18681451,-0.42221378,0.70842329,0.10078719,0.57588518,0
row-1483,0.17581759,-0.81489577,0.19233479,-0.70241835,-0.08235042,-0.53060860,-1.19042111,-0.98600246,0
row-1484,-1.02704990,-0.64678231,1.73209839,0.82920258,-0.03583592,0.19621754,0.66972510,1.83021788,0
row-1485,-0.03816799,0.90164281,-1.77140504,-1.07919216,1.16180572,1.12135317,0.63162813,-1.69714585,0
row-1486,1.96445759,-0.14444828,-0.31941458,0.37162703,-0.35519962,2.60030644,0.81483283,0.02448393,0
row-1487,0.05919309,-0.74411055,0.82913059,1.07637660,0.28284314,-0.00098885,-0.22153217,0.14722522,0
row-1488,0.51644618,0.25994692,-2.04742503,-2.55378147,0.05349838,0.44692241,-0.02411133,1.91731709,0
row-1489,-0.26649848,-1.90792501,0.10035786,-0.01987348,0.58116552,-0.36112582,1.79911100,0.30316439,0
row-1490,-1.12232770,-1.62906715,1.09406733,0.63716408,-1.03833982,1.52191867,0.12574684,-0.71566363,0
row-1491,0.01805272,0.88810089,0.04098351,-1.20716568,2.11679415,-0.53827821,1.79145546,-1.03421548,0
row-1492,-1.10084641,-1.00749424,-0.43272301,0.30021707,-0.26172797,-1.44577948,-1.10254198,0.98306496,0
row-1493,-1.35662875,-0.94311659,0.30859268,0.70001927,-0.90039649,-0.17110628,0.54022152,0.09035762,0
row-1494,0.64846653,0.69306092,-0.92047878,0.29122306,1.32575175,0.44355426,0.59372388,-0.14211822,0
row-1495,1.40660771,0.98354497,1.32521607,0.37619286,-0.06376574,-0.52400253,-2.31590840,-0.53457642,0
row-1496,1.11235702,2.40156386,-0.20124371,0.18157172,2.33496829,-2.34664236,1.12830216,-0.04746772,0
row-1497,-0.18640039,0.09281588,-1.30197735,0.86251204,2.22487557,-0.89961831,0.23844929,-0.23896196,0
row-1498,0.24018879,-0.59822527,0.54565165,0.70454339,-1.54297889,-1.14808829,0.99582886,2.13098074,0
row-1499,1.47557782,3.13691972,-0.43055788,-0.76091874,-0.17612521,0.27548380,-1.14322188,0.53977274,0
row-1500,-0.30154433,-1.11718184,-0.68319790,0.11775704,-1.43270042,0.42996879,0.53735128,-0.77335043,0
row-1501,-0.12041355,-0.37094799,0.17618823,2.12662001,1.22445524,0.03816443,-0.62138779,0.21305392,0
row-1502,0.47339371,-0.86789548,-1.03569005,0.42540611,-0.33547200,0.69929190,0.20851326,-1.12940703,0
row-1503,2.18959884,1.28585291,-2.18455007,0.46141030,-0.24566621,-0.19225013,-0.87216969,0.94956067,0
row-1504,-1.78000555,-0.47388229,0.91693039,3.26226635,0.32437445,1.32072773,-0.06732405,0.84980802,0
row-1505,1.16419245,-0.33096630,-2.04357087,-1.21355776,-0.87138116,-0.42834760,0.15980741,-0.82315569,0
row-1506,-1.62052947,-2.20871736,-0.40456149,-1.22815218,-2.53835493,-2.01850404,0.56993078,-0.34947077,0
row-1507,0.69520575,1.56500673,0.19948416,-0.22466787,-0.22546566,0.40796957,1.16764586,0.15700896,0
row-1508,0.46148318,0.29386161,0.14015752,0.29459841,0.57929421,0.69191560,1.59767199,0.35258186,0
row-1509,0.49123735,1.51558833,-0.78306873,0.72533362,0.94581288,-0.39156639,-0.94389895,-2.88512218,0
row-1510,0.38470153,1.43488131,1.13104701,0.54523107,-0.24304970,-1.55409777,0.59294996,-0.87426254,1
row-1511,2.08296829,0.36400838,-0.81127751,1.46367829,-0.75825076,-0.56856688,0.09286344,2.44651928,0
row-1512,2.59725727,1.04587110,-2.77677150,1.86290370,-0.22420894,2.02679169,-1.52672665,0.38027919,0
row-1513,0.39735807,0.97468655,-0.61166210,-0.58253152,-1.85200889,-0.59214825,0.80406993,1.06731793,0
row-1514,-0.07439194,-1.38400975,0.82205020,0.20574236,-0.96000437,-0.73760927,0.70767309,1.68677877,0
row-1515,1.68670646,0.68869081,-1.88308099,0.66989935,-0.22072027,-0.51601297,0.44935924,1.14095061,0
row-1516,-3.44120967,-1.76706299,0.42552336,0.28075452,0.73656260,-0.71688529,-0.19113046,0.24736402,0
row-1517,-1.87673293,-0.65809233,0.67353773,0.06164731,1.10370914,-0.28913856,0.01878084,0.11276770,0
row-1518,-0.00174889,-1.16137983,1.13187462,0.31111302,0.12910768,0.85223353,-1.46807103,-0.39490773,0
row-1519,-0.68543824,-1.60538797,-1.47197455,2.27532612,0.19121298,-0.24827795,1.12052910,0.49514873,0
row-1520,-1.00972800,-0.79659094,1.75623432,0.55203091,-0.68606666,-1.64958267,0.50026073,0.79119172,0
row-1521,0.34797226,-2.40663278,-0.50826177,-1.09364867,0.91110486,0.29793054,-0.51537200,-0.60344520,0
row-1522,0.36209508,-0.21133235,-1.06451149,2.23497719,0.85548995,1.20995929,-1.06085234,0.08381948,0
row-1523,-0.74770073,-0.32250779,2.46803105,0.21839828,-0.03025318,-1.16361632,-0.79973226,-0.80365812,0
row-1524,-0.07818184,0.65895965,1.56223950,-1.37374609,-1.02199638,-0.08554244,1.00263848,-1.22097610,0
row-1525,1.51562553,1.01519589,-0.29803188,0.99488519,2.09270023,-0.95402999,-0.62188091,1.45712984,1
row-1526,1.04352986,0.77108818,-0.34630014,-0.39019944,-0.11252753,1.94197814,0.13003795,0.48270431,0
row-1527,0.46356890,0.56190638,0.71513504,0.00142652,0.00156423,-0.73725442,-1.48313235,-0.12417701,0
row-1528,1.43693914,-0.27182570,-0.84465152,0.50772030,0.48442769,1.32572609,0.66853939,-0.22689492,0
row-1529,2.57210196,1.30076494,0.26529829,-0.66419972,0.63550705,0.77661507,-2.68320918,-0.17336034,0
row-1530,2.25207771,2.07493017,-0.98335699,0.51218631,0.52847579,0.90539405,0.67195292,0.42984790,1
row-1531,-0.94377489,0.64889723,-0.50779337,-0.53038254,0.06512194,0.15486900,0.23231421,0.37368904,0
row-1532,-1.77766437,-1.91409607,0.76801116,-0.53868036,-0.56125255,0.94586129,-0.44084543,-0.81880540,0
row-1533,0.22984925,-1.81728164,-0.25617235,-0.98985355,0.09931583,-2.00466850,0.21417525,1.84721291,0
row-1534,0.39198761,-1.23142042,-0.14305045,1.02432547,-0.02629652,-0.68787524,1.10728519,-1.55720914,0
row-1535,-0.65735517,0.42707608,-1.75910378,-0.39353998,-1.87470398,1.31261836,0.83651646,0.77565896,0
row-1536,2.39957491,-0.85768956,-0.86838973,-1.80364440,-0.20804616,0.11261509,-0.13595241,0.08859559,0
row-1537,-0.28565931,0.47400581,0.85692442,0.62596132,-0.87460638,1.21493294,0.85675568,0.51536252,0
row-1538,0.15726833,0.68029190,-1.68324388,-0.44519703,0.15310559,-0.12142836,1.29249922,-0.13356702,0
row-1539,-1.15069115,-1.46019807,1.20180316,-0.06269930,-2.39885638,-1.08979211,0.07761726,-2.48823873,0
row-1540,-1.48422206,-1.11348751,-0.15470132,-0.89213553,-0.87478273,0.41866808,-1.96870532,0.49844704,0
row-1541,1.12452701,-1.06092428,0.88548710,-2.34654457,-0.25843406,-0.67484778,0.58086733,-0.89326219,0
row-1542,-1.47458410,-0.22667964,3.05303694,-0.50153385,-0.67564685,-1.52431097,-1.19157137,-0.97989801,0
row-1543,-0.52028779,-0.39665777,-0.47751964,1.15119556,-2.55898398,-0.12124105,0.00199245,-0.27001486,0
row-1544,-0.51867066,0.47697919,-0.24843218,-1.04813427,-0.29716133,-1.23263598,0.17462865,0.63316106,0
row-1545,0.64057673,-0.52098717,-0.26794600,0.27503836,-1.20232476,-1.04696112,-0.57414171,-0.95286288,0
row-1546,-1.45396334,-2.53089362,-0.11793235,-0.95551251,-0.48378301,-1.93239071,0.03368316,0.27388217,0
row-1547,-0.94289876,-0.38167620,0.53163300,-0.01018035,-0.54382617,-0.68589280,-0.99663354,-0.15391719,0
row-1548,1.51390916,0.40811349,0.08472980,-0.02984714,0.24457465,0.74594242,-0.58074167,0.97874786,0
row-1549,-0.86797835,-1.06196629,-0.23186965,-0.10506639,0.57329210,0.57203620,-1.67652092,-0.45039035,0
row-1550,0.07440291,-0.39045404,2.83257267,-1.05083324,0.83460127,0.30999722,0.88021662,0.33259444,0
row-1551,-1.45206682,-1.61858550,1.29221208,0.91546489,-0.70334431,-0.36425444,-1.55698562,1.26538521,0
row-1552,0.07160047,2.50663817,-0.83298663,0.83585846,-0.36460314,0.20861527,0.34984084,-0.37686485,0
row-1553,-1.47429343,-0.75265873,1.66519874,-0.07661619,0.78636531,-0.47205922,0.64726250,1.13774886,0
row-1554,-0.52748353,-0.28777483,-0.02575040,-1.71422294,-0.32411436,-0.48713925,0.51841184,1.18331384,0
row-1555,-0.75864515,-0.41102134,-1.76875559,1.83795231,-0.77932108,0.05083953,-1.47174850,1.27664679,0
row-1556,0.30060820,-0.36790773,-1.58391337,-0.18092276,0.75769124,0.85479971,0.04086216,-1.46620020,0
row-1557,-0.33394228,-2.15667612,2.57188282,0.85287532,1.15875442,-0.69633405,0.33991845,0.57324796,0
row-1558,-0.13688383,0.47011478,1.72165837,0.81611470,0.48966699,-0.33879112,0.26439689,-0.12918269,0
row-1559,0.69538483,-0.27258666,-0.08808814,0.60381263,-0.50835890,-0.47366483,-1.41121847,0.78179600,0
row-1560,0.32740489,0.63046875,-1.35757314,-0.07385774,0.16407062,-1.79276624,-1.69993340,1.17787260,0
row-1561,1.81243977,0.35746679,-0.74908656,-0.42372501,0.10290972,-0.61627680,-0.91011981,0.82363658,0
row-1562,1.52568642,-0.18956001,-0.98132889,-1.49922094,-1.16399813,0.00566606,-0.11604482,-0.47006451,0
row-1563,-0.39319246,0.27848949,-0.16168490,-1.00861324,1.80415843,-1.48899586,-2.06718239,-0.77973692,0
row-1564,-0.59993168,2.03771439,-0.68972222,-0.89675123,-0.51949743,0.03353652,-1.24387323,-0.36765467,0
row-1565,2.71639418,2.56529181,-4.11625120,-0.18317946,0.63419857,-0.50371389,-1.09602315,-1.19954418,0
row-1566,-0.50303433,0.59170480,-1.01850236,0.44854559,-0.69155855,-0.85220314,-0.01087656,-0.37830133,0
row-1567,0.66880896,0.53398324,0.41391049,-0.02079784,0.10214118,-0.04606095,0.56454389,0.14269209,0
row-1568,0.50412624,-2.10758128,-0.91611557,0.65908913,0.32415977,-1.16755646,-1.46017622,0.49521957,0
row-1569,-0.32853637,0.75697093,0.26557507,0.85476690,-1.20558107,0.14822948,-0.70428619,-0.78302485,0
row-1570,-1.24470742,-0.25175960,0.93575736,-1.37455058,-0.17197057,-1.04818647,0.91448050,-0.11572993,0
row-1571,0.57203267,-0.73385174,1.33637342,-0.40652623,1.41935015,-1.04671220,-0.15921535,-0.81679941,0
row-1572,-0.77323269,0.33403511,2.25737478,1.55258156,-0.14882958,0.72024731,-0.40044341,0.36101518,0
row-1573,0.15277094,1.71430534,-0.46728089,-1.75179292,0.42160092,0.33069657,0.26827105,-0.44503548,0
row-1574,-1.31645991,-1.11184918,-1.04124794,0.05199238,-0.44511943,-0.15295122,-2.07621164,-1.02828088,1
row-1575,-0.63269322,-0.04468317,-0.89324462,-0.29932453,-1.67122569,-0.34623781,-1.28903844,0.88761772,0
row-1576,-0.72024658,0.16975824,1.08437762,-0.75711743,0.17292866,1.26696858,-0.21459719,-0.05294662,0
row-1577,1.08725182,1.45140155,0.32830509,0.11308292,1.55378720,0.98927169,1.00776629,-1.30124319,0
row-1578,-0.34292395,-0.73172969,1.05133977,1.90515750,0.66026838,-0.50288822,-2.49047414,-0.37953158,0
row-1579,-0.99512475,-0.15933425,-1.39096721,0.55806796,0.26329089,1.26219224,-0.55741095,-0.31819429,0
row-1580,-0.02782437,0.33083114,0.51715387,2.10637719,-0.60919306,0.23048115,1.00435650,0.21905565,0
row-1581,-0.19298134,0.67744149,0.06161953,-0.31451204,-0.41639978,1.19900582,1.31788010,1.67438193,0
row-1582,0.20298243,1.41782910,-0.21749897,0.76830851,-0.98156551,-1.01182438,2.14311207,-0.05371403,0
row-1583,0.37568135,-0.74586902,-0.30488207,-1.16478963,0.52717921,0.84900212,0.00357750,0.19873473,0
row-1584,0.31053578,-2.88083577,-0.77800255,-1.58544261,0.01875479,1.57372167,1.41362718,-1.54394500,0
row-1585,-1.22395413,-0.85953885,-0.48066075,-0.46498484,0.47055295,0.76344641,-0.67268884,-1.16604232,0
row-1586,-1.51082262,-0.04125931,-0.81643401,-0.48202039,-1.78035649,1.58718723,1.87679549,1.14030706,0
row-1587,-0.28205486,-0.10816402,-1.13035869,-2.38538584,0.63076286,0.71289420,-0.20969900,-1.59564369,0
row-1588,0.77112102,0.71949483,-0.22672187,0.07999551,-1.15592323,0.56772382,-1.41227013,-1.15576483,0
row-1589,0.78127657,-0.63422592,-0.81220761,-1.40560902,-0.35880528,-2.02168062,-0.46671035,-0.81641650,0
row-1590,1.02747784,1.66354199,-0.95310601,1.56241271,-0.82665901,0.11180459,-0.26468092,2.74632343,0
row-1591,0.36429225,1.19730724,1.09795856,0.64257978,0.24137754,-0.84570813,-0.89435459,0.22834522,0
row-1592,0.37747220,2.10585348,-1.89008635,0.39932414,-0.19240973,0.25956116,-1.41144331,1.13341036,0
row-1593,3.15162543,0.79602028,-1.24251891,-0.37777986,0.25456532,0.76445940,0.80744865,-0.88338613,0
row-1594,2.23176412,2.33554033,-1.63243517,0.41486298,-0.02040461,-0.45544730,-1.08550595,-0.38373483,0
row-1595,-1.16302013,0.62965989,0.09374415,-0.49232812,1.10326701,1.67737041,2.25435143,-1.16677305,0
row-1596,-0.74094643,-0.67216183,1.12444787,0.20034304,-1.48260979,0.73282158,0.65375128,1.75154651,0
row-1597,2.35399819,1.30533816,-0.09214389,0.10770400,-0.90828145,1.37445073,-1.05499451,-0.19545316,0
row-1598,1.72811596,-0.00078071,-0.77288641,-0.17692975,0.62943073,-0.49920623,0.46711465,0.62552247,0
row-1599,-0.59573559,-1.16315358,-0.45050145,1.15040943,1.03387367,1.41610351,0.19451446,0.38859528,0
row-1600,1.40189659,-0.07700125,0.19111200,1.74865684,-0.93391403,-0.78876052,-0.41085890,0.89307538,0
row-1601,0.90941622,0.83673193,-0.18363968,-0.58786253,1.84663624,-2.64962163,-0.57508785,0.79179858,0
row-1602,-0.85840035,0.32069729,-0.28669198,1.43797700,-0.66894326,-0.83548170,-0.38592698,0.24160802,0
row-1603,-0.72288516,-2.46032044,0.81078566,1.08999807,0.40877552,0.50617512,1.15983412,-0.50044480,0
row-1604,-1.14240727,-0.62987443,-0.09981726,0.44094883,-0.63721107,1.46826598,0.74752646,0.30635428,0
row-1605,0.21015251,0.35844209,0.85725183,0.96435528,-1.26623647,0.16553916,-0.10532100,0.59396562,0
row-1606,-1.34482300,-0.62913104,-0.06158913,-1.19567882,0.59792689,-0.44968567,0.27618551,0.78451257,0
row-1607,-0.61228149,-0.82448345,-0.67502435,2.24059943,1.11557974,1.72412283,-0.08344677,-0.09082561,0
row-1608,-2.04046166,-0.08346786,0.38011272,0.94470462,0.10045370,2.07253335,-1.40666041,-1.57219156,0
row-1609,-1.42414338,-0.15663797,0.68926048,-1.35936425,-0.91969099,0.96848558,0.16406212,-0.91027667,0
row-1610,0.98896522,0.42257951,-0.06933229,0.29523962,-0.45517950,0.41030675,-1.03464841,0.30037766,0
row-1611,0.35593245,0.18674390,0.11533539,-0.50017785,0.48103103,1.74625342,-0.08620835,-1.02789776,0
row-1612,0.95062669,-0.29551977,2.53017410,-1.04754257,0.07262090,0.15678344,0.04302183,1.31833199,0
row-1613,0.68713072,1.00305642,-2.31264409,-1.10838471,0.71251307,0.57585798,0.38975234,0.15659157,0
row-1614,-1.06388895,-0.44925554,0.73004516,-0.20909135,-0.87386046,1.79606261,-0.35696215,-0.62177062,0
row-1615,3.41035064,1.46913899,-0.93961753,0.96126712,0.49843621,0.43502980,1.06233485,0.11680731,0
row-1616,0.05417958,-1.29316651,-0.49438856,-0.38862264,-1.28935910,-0.67635792,0.01626181,-0.83529592,0
row-1617,1.01489757,-0.23959969,0.42304153,-1.34701310,1.00911910,1.51714585,2.09335364,-0.84804196,0
row-1618,-0.23196300,0.25072418,-0.31160805,-0.21984521,0.29001205,0.03237505,0.54448790,0.11877014,0
row-1619,0.39602737,0.16942549,-0.35688234,0.23436490,1.37043567,-0.30559689,0.37016380,0.05846937,0
row-1620,1.35515326,-0.55108748,-0.29369372,0.23654646,-0.14204952,-0.00479411,-0.78069334,0.15074700,0
row-1621,0.38689562,0.59712829,-2.42683561,-0.59756475,-0.40738506,-1.48942157,-0.77718155,-0.39089498,0
row-1622,-1.79791811,-0.79271855,1.00530952,-0.04752634,1.36933033,1.29705558,0.31482642,-0.81671633,0
row-1623,-2.73029236,-0.70945971,0.81806811,-1.20062290,-0.71088268,0.03207221,1.02346465,0.44379887,0
row-1624,-0.32759652,-1.49680492,0.99930635,-0.00027184,-0.46399761,2.08983666,-1.36196950,0.68620591,0
row-1625,1.75119792,0.30925566,-1.21224813,-0.32601338,0.82505221,-1.48050609,-0.63493666,0.26583764,0
row-1626,-1.28793989,-1.01043989,-0.26614335,-0.44706109,-0.20511971,-1.39366558,-1.16101911,1.69725623,0
row-1627,0.62216313,2.59703330,1.20831961,-2.03745891,0.44421000,0.53399017,1.05482994,0.34993621,0
row-1628,0.76878693,1.92199902,-0.09706573,0.79587693,-1.23638625,-0.76194513,-1.18844714,-0.41352734,0
row-1629,0.29128847,-2.20543424,-2.51088112,-0.76290562,0.83053422,0.48198235,-0.41204888,-1.31921496,0
row-1630,-1.25333024,0.49772421,0.52688377,1.73313008,-1.24539471,0.93842501,0.54311727,1.88358596,0
row-1631,-0.73101610,0.15639823,-0.53385441,1.42615719,1.81896316,0.35333615,1.13602552,0.53989556,0
row-1632,-0.27991630,-1.01511033,0.17003621,1.76324418,1.66086765,0.90342340,-0.81233648,-0.05741578,0
row-1633,1.27284213,-0.79670417,-1.42919788,1.65420808,-0.34621696,-0.08680896,1.23017738,0.20033519,0
row-1634,-0.44482645,-1.47691837,-1.40595032,0.27615533,0.58523623,-0.77771621,-0.32747256,-1.39604911,0
row-1635,0.10949808,-1.34947368,-1.77734274,-0.08052458,0.32514696,-0.72445932,0.75560740,1.28408852,0
row-1636,-1.42865052,-2.39832810,0.97076316,-3.28450044,-1.76811891,1.03107162,-0.48348527,-0.51993767,0
row-1637,-1.05184616,-0.79718411,2.05633771,1.46351842,1.12051923,0.69576203,0.80270397,0.68551286,0
row-1638,-1.23249252,-0.87261083,1.90488880,-0.83361369,-1.61573931,-0.67297204,-0.23377558,-0.15862266,0
row-1639,-0.77026536,-1.73704253,1.04969379,-1.72651349,-0.48531998,-0.88316803,-0.08087182,0.29308464,0
row-1640,-1.30794260,-1.79291141,-1.19234057,-0.89693467,0.88223852,-0.43367480,-2.30127338,-0.70957685,0
row-1641,-0.09136158,0.19424197,-0.76373758,0.19876019,-0.51874532,0.84036478,1.24967445,1.96391031,0
row-1642,-0.92383240,-1.00597716,-0.31750958,-0.02508484,-0.00758134,2.48656455,-0.51231584,0.14085569,0
row-1643,-1.71138468,0.36539762,0.43079204,0.28690024,-2.66660050,1.13591849,-0.45307871,0.35058508,0
row-1644,1.14835898,0.55292973,-0.85711672,1.87389081,0.26134871,0.33181492,0.20819122,0.48957488,0
row-1645,1.90838978,-1.95355579,0.01942006,1.47116552,1.42496235,-0.11542874,0.96138697,1.58545436,0
row-1646,2.27419806,1.20016235,0.47250750,0.27563305,-0.18402293,0.29338219,0.69687065,0.76696716,1
row-1647,-1.18905587,-0.37258693,0.53347891,-1.52540903,0.79816104,-0.50645976,1.60340591,-0.45331393,0
row-1648,-0.76332361,-1.33401074,-0.38724305,-1.19124905,-1.64581960,-0.26130016,-0.75566619,0.24352675,0
row-1649,-0.53320646,-1.63772016,0.36221391,-2.12629226,0.33393952,-0.15367357,-1.54454376,-0.15371395,0
row-1650,-1.62926440,-1.03688540,0.44785724,-2.11009879,-0.55652947,1.01176712,0.01812965,0.28033349,0
row-1651,-0.59483290,0.73182818,-1.58543071,1.00133843,0.56740736,0.43776855,-0.29530299,0.56675741,0
row-1652,-0.31770541,-0.63513797,1.53012718,-0.71932353,-1.18496367,1.33427779,-0.78752816,-1.34485402,0
row-1653,-1.37591054,-0.79598676,-1.04292803,-0.05465634,-0.75442686,-1.86054565,-0.62216630,1.17816949,0
row-1654,1.60942501,1.74214800,-0.72153111,0.89562766,1.01290582,0.81552432,1.74963987,0.62731492,0
row-1655,-3.13596094,0.07541276,1.84206769,-0.19353758,0.85843606,0.74150169,-1.42641278,0.75545141,0
row-1656,1.19262744,0.15696355,-1.49671447,-0.82590937,0.64159099,0.02481447,2.72901169,-0.27535775,0
row-1657,-0.95440668,-0.68279127,-0.68700681,-0.57122955,0.22372697,0.01080195,-0.72545651,-1.08298031,0
row-1658,-0.29647123,0.95326950,-0.29748651,2.15313693,0.65437788,1.51453312,-0.01294210,-0.32414570,0
row-1659,2.80268474,0.44147706,-2.09511502,0.42986282,-0.49692264,0.94750989,0.97457196,1.57541546,0
row-1660,0.51743818,1.32137556,-1.35157698,-1.16335610,0.43462360,1.07615242,0.19957572,1.63538597,0
row-1661,-0.01941106,-0.49184530,-1.25665995,-0.05525246,-0.66440998,0.33773774,0.15541063,-0.75690044,0
row-1662,0.85674988,1.27377986,0.92081574,0.41592459,-1.09835207,-0.11676898,0.46458307,-0.91483864,1
row-1663,-1.98523945,1.16289976,3.04927613,0.13329072,-1.75558819,0.88764111,0.42273257,0.38911953,0
row-1664,1.86483979,-1.96719429,0.48923518,-1.44869285,0.19815354,-0.19966632,0.49864970,-0.15044842,0
row-1665,0.64151646,0.30961573,-0.77948050,2.81103664,1.83875681,1.20453512,1.09691736,-1.47467291,0
row-1666,1.32559746,-2.03741595,-2.66982297,2.16541123,0.08329811,-0.46613373,-0.10989870,-2.40423676,0
row-1667,-2.37067549,-0.91281115,0.07304406,-0.23855782,1.15428069,0.62639910,0.69668908,-0.63410995,0
row-1668,1.25978745,2.07904164,-1.33644754,1.05331872,1.19339473,0.51682220,-1.88786395,-0.67771206,0
row-1669,-0.58587375,-0.17590515,0.78196146,0.58045029,-0.01258730,1.63065409,0.68457539,-0.60738308,0
row-1670,-0.90496918,-1.23602935,-1.49003492,-1.08932170,-0.22408873,-1.09009966,1.49338881,1.39808639,0
row-1671,2.93878536,1.54989540,-0.10969274,1.07461521,-0.24768406,-0.68413775,-0.34392534,0.68240659,0
row-1672,-1.19432012,0.53958881,-0.13002100,0.72035261,-0.26152945,-0.46984297,-0.67139557,-1.60616978,0
row-1673,1.32692356,-1.17507145,0.36745062,0.25451105,0.81123930,2.19044111,0.81613501,-0.07856797,0
row-1674,-1.95257609,-1.29805329,-0.44158172,1.51226021,-0.59781237,1.08868757,-0.11472984,0.81958602,0
row-1675,-0.28562908,1.01209664,-0.72201204,-1.19076767,0.30597872,0.52760221,0.67799714,1.76496637,0
row-1676,-1.75085978,-0.12751062,-1.39022028,-0.09657804,0.12674527,-1.73255269,-0.47867954,1.59671908,0
row-1677,2.08323032,0.06355194,-0.41305533,1.58317072,0.33863542,0.92889423,2.77551294,-0.09892208,0
row-1678,0.26901489,-0.02059547,-0.47503627,0.70432322,-0.55492633,0.10960180,0.84696794,2.19557086,0
row-1679,0.17310953,-0.99783519,0.07990896,0.22978983,0.75045155,-0.77355973,-1.20098061,-0.03892435,0
row-1680,1.28251186,1.47881390,-0.54212274,-0.04110038,1.48855407,-0.49472519,0.60213389,1.16293622,0
row-1681,1.05772102,-1.57829875,-0.67428893,-1.05150689,-0.79966844,-0.74661116,0.10175184,-0.46510961,0
row-1682,-1.75831032,0.72203572,-0.48910470,-0.61572277,1.29790824,0.88619726,0.86782314,1.16169089,0
row-1683,-0.32757760,1.03659772,-1.00964818,0.91601171,-2.61700478,-1.42332565,-1.70472757,-0.29966197,0
row-1684,1.67944163,1.07153745,-1.80917102,1.44080696,-0.30578586,-0.55393641,-1.82412651,1.51461100,1
row-1685,0.92858552,0.12427329,-0.36536955,1.81218889,1.89644835,-2.23896732,-2.49053330,-0.64692208,0
row-1686,-0.60346223,0.34849055,0.62449300,-0.67142811,-0.25008802,-1.15356842,0.37858327,0.13059189,0
row-1687,1.98209766,1.63516955,-1.72837446,-1.00332330,2.20724342,0.42225538,1.13822696,1.72371590,0
row-1688,0.59961394,1.62938268,-1.93008297,-0.30421925,-1.23936623,0.13241386,0.54536738,0.47918217,0
row-1689,0.32337729,0.66769905,0.32764328,0.00478967,-1.10167638,-0.15341432,-0.22120598,0.20929476,0
row-1690,2.15296643,-0.33099049,-2.20782137,1.31490970,-0.72772271,-0.11155198,-0.49708796,-1.76302960,0
row-1691,-0.27085318,0.53162683,0.60020724,0.19678550,-0.34061673,-2.10819224,-0.21472887,0.85043006,0
row-1692,1.88695822,-1.35485684,-1.03052598,0.18121687,-0.78364076,0.35149228,-1.66884315,-0.51846321,0
row-1693,-0.47436726,0.82235250,1.03842002,-0.09602679,-0.20255696,-0.40557902,1.62546485,0.03728346,0
row-1694,1.07635890,0.79551892,-3.00045365,1.84361901,0.04064614,-0.16170909,0.87925342,-0.04786938,0
row-1695,-0.63601634,-1.45764064,0.76460419,-0.17592212,-1.94470544,0.87291248,-0.60931906,0.50449799,0
row-1696,2.66844955,0.60498100,-0.31049810,1.05744550,-1.16206268,-0.60008268,-2.02178565,2.75221444,0
row-1697,-0.22172798,-0.71580828,0.02189241,0.90192770,0.92226999,-2.02747098,-0.16419118,1.37874094,0
row-1698,1.60435433,0.07084886,0.37914290,0.35556518,0.98079586,0.37514929,1.21406804,-1.15787670,0
row-1699,0.41368980,0.37877481,-1.48992648,0.71515191,0.72688337,0.07067711,-1.16357969,0.51704582,0
row-1700,0.45325964,-2.48336811,0.09924678,-0.61503574,-0.97470715,-0.71624513,-0.62639577,-0.92190712,0
row-1701,1.31770156,1.67516017,0.58536431,0.51535755,-1.10095723,1.07289298,0.01765462,0.21153241,0
row-1702,1.32246421,-0.25803781,-3.58264815,-2.46781036,0.72450211,-1.26755662,-0.17614925,0.68141886,0
row-1703,-0.80030947,-0.10832054,1.48952780,-1.33840774,1.29228198,-0.15996360,2.17899684,-0.95067814,0
row-1704,-0.49344351,-2.52156896,-0.29365743,0.85278444,0.77870680,-0.11022318,0.42064110,-0.01488620,0
row-1705,-1.51737440,-0.38767208,1.80471073,0.56460430,0.42087580,-1.37623825,0.26988047,0.34636775,0
row-1706,-0.97617938,0.34528394,0.77684875,0.70878033,1.16020140,-1.18632806,0.16862700,0.29569157,0
row-1707,-0.50951332,-3.07789501,1.23552062,-1.06509038,-1.48784799,1.65713450,1.00233174,0.77986939,0
row-1708,-1.06320788,-0.13145513,-0.08733462,-1.08997479,0.47071782,1.31332695,0.02381872,1.41543930,0
row-1709,1.43099560,1.00770031,-3.03512463,-1.06460542,1.34559279,0.43516385,0.29670095,1.53219346,0
row-1710,0.06450238,0.27293001,0.43956794,0.37705508,-0.71451098,2.04477302,-2.33358598,-2.24457996,0
row-1711,-1.24503796,-1.37319383,0.69243348,-0.53419995,1.07606023,0.41366160,-1.27519686,-1.80115005,0
row-1712,-0.63566013,-0.49381165,1.49883962,2.68632708,1.70691395,2.14047535,1.04840778,-2.23284548,0
row-1713,-0.59519933,-0.53573683,2.07262472,0.70693096,1.34134920,-0.50232094,0.00670076,-0.34868800,0
row-1714,2.45082864,2.00413071,-0.97986167,-1.46794056,0.20894561,1.45241472,-0.17371046,-0.41928927,1
row-1715,0.96572417,0.37981253,-2.21907992,1.84086592,0.69842799,-0.82093831,0.23287740,-0.48837839,0
row-1716,1.29938047,1.24183475,-1.90976285,-0.04063667,-0.08704547,-2.16369346,0.22008196,0.70135739,0
row-1717,-0.57363056,-1.80390389,-0.02308607,1.45738458,-0.22549395,-0.68125883,-1.08764808,-1.41793738,0
row-1718,-1.12902524,-1.36726154,0.25176401,0.57460250,-0.71756051,-0.66851278,-0.45541423,-0.48806599,0
row-1719,0.25234651,-0.30755287,-1.29041262,-1.12553362,2.45853700,-1.23918489,0.25536305,0.82425469,0
row-1720,-0.79662479,-0.24923786,-1.54361095,0.87648581,0.19893647,0.98175833,1.42008672,-0.52282938,0
row-1721,-0.98440688,-0.95589076,1.03009704,-0.43347237,1.30166760,-1.19721669,-0.49003235,0.59277910,0
row-1722,-1.22929492,-1.05433778,2.01901604,-0.31024790,0.16884602,1.79932979,-2.11900290,-1.51966596,0
row-1723,-0.29308166,0.88611099,0.01190059,1.56054863,-0.00726894,0.84385141,-0.63633794,-0.17168675,0
row-1724,0.23530076,0.16024782,-0.92386807,2.16835492,-0.25460751,0.82521617,-0.16254441,1.07297804,0
row-1725,-0.75499686,-0.15561152,1.33569467,-2.09230003,-0.28087549,-0.95975144,-0.85817560,0.28489772,0
row-1726,3.15169791,2.25636404,0.07955236,-0.01823849,-0.13866883,2.29739151,0.49860893,0.72417356,0
row-1727,0.50842357,0.01445002,0.16018621,0.22008855,0.46229067,-0.02875580,0.25310872,2.44326023,0
row-1728,1.09749568,-0.20963457,-0.60861255,-1.22673213,-0.90342484,1.13289286,1.41088503,-0.30833591,0
row-1729,-0.66694002,1.12454505,0.58446779,1.57160046,-1.35758802,0.77481341,0.76081330,-0.42214568,1
row-1730,0.40636943,1.89476225,-0.95466239,2.11393124,-0.02376433,-0.31649276,-0.54973381,1.42554379,0
row-1731,-0.44967533,-1.26662433,0.66610378,-0.03450546,1.07562268,-1.30134293,-0.10046052,-0.30679669,0
row-1732,0.23277508,1.23477831,-1.73642095,0.76849549,-0.51170898,0.45188183,-1.45429831,-0.91591025,0
row-1733,-0.03860337,-0.97499779,-0.02128112,0.11359226,0.23292860,-0.39525646,-0.61015864,0.22862423,0
row-1734,1.65693402,1.53769344,-0.14809958,-0.06429999,-1.49600114,-1.36782661,-1.73874625,-0.94251897,0
row-1735,0.41063688,-0.29098155,0.42357886,1.46217159,0.17930428,0.83237052,-0.12062565,-0.66325850,0
row-1736,1.42458641,1.06681967,-0.26305068,0.98140334,-0.06364700,1.31916927,0.38871719,0.80541478,1
row-1737,0.42800015,0.27003652,-0.29857941,-0.29020991,0.26054827,1.43332057,1.01236491,-0.94470492,0
row-1738,1.41242921,-0.54286592,1.22015038,1.28159107,-0.82122235,-0.16465808,0.25778238,-0.19822116,0
row-1739,-0.55593945,0.75177008,0.08180200,-0.05912338,1.29186490,0.15678515,2.04930698,-0.76842085,0
row-1740,-0.46025129,-1.07683751,0.95900578,-0.13909775,1.73016104,2.63835691,-2.03489818,-1.53973830,0
row-1741,1.10235109,1.48136325,0.14970054,0.64308845,0.49562657,-0.69792765,-0.92660565,-2.78550206,0
row-1742,0.01513615,-0.77282037,0.69516551,0.10654110,-1.93310784,-0.06415180,0.10977061,0.49218529,0
row-1743,1.65527573,0.62896993,0.55786037,-0.07956592,0.68190811,0.72623048,-0.24784627,1.08103839,0
row-1744,0.95072253,-1.05044196,-1.14456427,-1.55974895,-0.76632813,0.13762219,0.69381294,-0.21808240,0
row-1745,1.70455394,0.44166463,-1.61856964,-0.62197279,1.49023592,-1.19625775,0.71687757,0.21510285,0
row-1746,-3.08510539,-2.12286101,0.43224217,-0.00345022,0.16755106,0.37647985,-0.32607750,-0.80843504,0
row-1747,1.00853371,-0.82501946,1.97955151,0.08687623,-1.37755043,2.34570505,0.76767906,-0.47312718,0
row-1748,0.24188858,0.95320913,-1.79230752,-0.57376869,1.15686616,0.23944170,0.56366518,-0.14067796,0
row-1749,-1.99567737,-0.26944026,1.10858965,1.91108773,-1.57724987,0.87900781,0.05614590,0.11773951,0
row-1750,-1.15891771,-0.65561732,0.75187204,-0.10485732,2.85903847,1.18680986,-0.98271752,1.53178592,0
row-1751,2.56652108,2.27158906,-0.34714837,-0.59933025,0.00134657,-0.11078892,0.58022576,1.44017797,0
row-1752,1.65183953,-0.64750444,-1.36907888,1.98585086,0.89702410,-0.50959449,-0.07885163,-1.03923758,0
row-1753,0.20384315,-0.33272446,0.68854589,0.26531278,0.81638120,0.69340160,-0.87651632,-0.19899479,0
row-1754,-1.91742513,-0.12671395,-0.20325568,-2.61578954,0.60630742,0.75922621,1.33066490,-0.88802496,0
row-1755,0.49638652,-1.03944263,-0.05250738,-2.20848949,-1.68817487,0.22674796,-0.61815239,-1.87693171,0
row-1756,3.39157502,1.32639245,-1.67074953,0.95963950,-0.62078648,0.55897519,1.05377031,-1.01539507,0
row-1757,2.53346256,0.17049447,-0.30112570,-0.01565631,-0.19651585,-1.12109665,0.62538970,0.00479068,0
row-1758,2.04895826,2.59805652,1.08579208,0.83462671,-0.26964802,0.32896696,-0.11723579,0.68612936,1
row-1759,1.51800405,0.18392001,-0.50936801,-2.25753663,1.06002152,-1.27718566,2.47165732,1.08879316,0
row-1760,0.99837667,0.50320199,-2.28910696,-0.75770454,-1.44477359,-0.04986634,-0.52008031,-1.84703341,0
row-1761,-2.27029751,0.11150856,2.30763611,1.57717751,0.73304045,0.78637638,-1.46223957,1.78631095,0
row-1762,-0.48663558,-0.56809566,0.59582932,1.35606468,-1.00475378,-1.04011950,-0.02181870,0.77269200,0
row-1763,-0.71502291,-0.42257720,0.71142804,-0.03374444,-0.29120735,-1.31236302,0.98799064,-0.42825885,0
row-1764,0.46472040,-0.99239678,-0.90349088,0.57537663,1.48682718,-0.58699717,-1.32859641,0.43269688,1
row-1765,-0.58946063,-1.68726485,0.44010947,-0.05335748,-0.60111758,1.90956080,2.32869175,0.61159804,0
row-1766,-3.09631263,-1.04391417,3.67584155,0.74226023,0.13759376,1.21888344,-0.26955215,-0.22545898,0
row-1767,1.03921190,1.32028821,1.24789689,0.98349320,0.96745192,-0.39089652,0.33780363,0.02977475,0
row-1768,-0.85637564,-0.18797738,0.64035092,0.98160210,-0.18908918,1.96253297,-0.58293808,0.70633472,0
row-1769,-0.15571563,0.48489594,-1.88769522,-0.77226391,-0.22857722,0.26916418,-1.51577869,-0.84842053,0
row-1770,-0.44512004,2.64876919,0.55514617,-0.51344976,0.41658753,-0.59277308,1.60928587,-0.26433005,0
row-1771,-1.62124396,-0.18192013,0.10664599,-0.36940002,0.71527163,1.79906028,-0.80161766,0.70368019,0
row-1772,-0.06203588,0.90547814,-0.27382111,0.33035589,-1.44252907,1.43417339,-0.79273024,1.18530997,0
row-1773,-0.94346486,1.02810588,1.29420246,0.71539329,-2.07800272,-0.17324284,1.58022130,0.39823456,0
row-1774,0.95854001,0.71788229,-1.09893768,-0.73358707,-0.71335443,-1.02742839,-1.23356112,1.31700483,0
row-1775,-1.39881140,-1.69560602,-0.13411340,0.48244496,-1.68242525,-0.66252218,1.21268139,-1.03755345,0
row-1776,0.64815077,-1.88879817,0.27759397,1.13602460,-0.95233154,-0.48391444,0.55118938,0.06867746,0
row-1777,2.62998951,1.62522124,-1.38421536,-0.37313738,-0.25816925,-0.91884184,-0.57676186,-1.02551162,0
row-1778,3.12380090,1.71576653,0.80470778,0.17636634,-0.97919027,-0.55352768,-1.39367357,-1.78321892,0
row-1779,-0.95654760,0.92135985,-0.62011168,-2.99505149,-0.42236943,-2.35413667,0.78163265,-0.45442480,0
row-1780,3.92834500,0.25895295,-0.48345329,1.09360125,-0.24428370,-1.22171538,1.05465609,0.16524436,1
row-1781,-0.68893806,-1.67199193,0.95881254,-0.28974277,0.36270069,0.73548265,1.53198988,0.21436279,0
row-1782,0.93076278,1.36270458,-1.74396284,1.10717777,-0.43919899,0.25344343,-0.58804431,-0.44691176,0
row-1783,0.49293451,-0.70803276,-0.84951311,0.57556599,-0.46214859,0.16087980,0.14602921,-0.07715649,0
row-1784,0.11153592,0.49870532,1.62592378,-0.42689711,-0.26531164,0.21306856,0.46481090,0.12801885,0
row-1785,-0.59373280,-0.89380793,-0.54579491,-0.18183349,0.15493198,-0.56440517,-0.42882917,0.25195288,0
row-1786,-1.19265391,0.65825773,1.77659628,-0.98660726,0.30145037,-0.60589798,-0.92600698,1.73024144,0
row-1787,1.48129217,0.78996137,-1.75143649,-1.28406581,-1.22982423,0.03337107,-0.37432236,0.47471606,0
row-1788,0.24356562,0.12198719,-1.37218163,1.10301001,-0.64160416,-0.28515564,0.62281003,0.58717698,0
row-1789,-1.37381414,-1.56055123,1.67250565,-0.76115888,-0.76431192,0.19289431,-0.89183506,-1.90381825,0
row-1790,-0.48388598,0.55014068,2.91651116,1.59172319,-1.70156502,-0.68157866,-1.37387182,-0.77453781,0
row-1791,0.46389393,-0.22472459,0.77132318,-0.62697055,0.71574814,0.78221074,-0.42362542,-0.92993472,0
row-1792,0.08627128,-0.04445386,0.37303114,1.06397079,-2.01209107,-0.64646927,-0.68237857,0.61855877,0
row-1793,0.71728321,0.56466871,0.45835614,-0.34705268,-2.85684544,-0.34530339,2.19333993,0.51008160,0
row-1794,-1.39170549,-1.10215606,0.35119629,0.43451660,1.02719858,0.37581226,-0.54061272,-1.21477116,0
row-1795,0.75770442,1.72225035,0.18118271,-1.65391210,0.20357745,0.98668062,0.53159513,-1.44450067,0
row-1796,-0.58324252,0.07756368,0.42204881,-0.66398854,0.63874629,-0.30646818,-1.16880455,-1.68404748,0
row-1797,2.44353678,1.20676607,-2.07134637,-0.64605454,-0.74821583,0.07243665,0.67162547,0.69586242,0
row-1798,-2.33471492,-0.01731220,-0.58443934,0.47763254,-0.30503544,0.89752345,1.24809177,0.28356141,0
row-1799,-1.84357037,-1.87062757,-0.21269913,-0.37437364,-0.45498776,1.90414899,-0.67799426,-1.75054309,0
row-1800,-0.38071243,-0.22169159,0.38919401,-0.37821998,0.19805097,-0.15635929,0.21518715,-1.74117203,0
row-1801,0.52544896,0.56925381,-1.74634889,-0.07136546,-2.53320017,0.03447416,0.16490773,-1.80614691,0
row-1802,1.13158443,1.26356401,-0.74085531,1.01197490,0.50912910,-1.17667832,1.53239835,0.56683085,1
row-1803,0.86331485,-0.71708190,-2.66989776,-0.64439405,-0.90143964,-2.47740129,-1.77518354,0.07818142,1
row-1804,-2.78768297,-0.98983082,-0.58194054,-0.05271931,1.01358138,0.33214500,1.02892285,-0.04448680,0
row-1805,2.47776872,0.06221747,2.82952019,-0.31825015,0.37347148,0.46100772,-0.04356883,-0.17934560,0
row-1806,1.70891658,0.73854535,0.09864119,-1.38443345,-0.55028134,-0.03429270,-0.57789704,1.22844142,0
row-1807,-3.13008591,-2.43254627,1.30120814,-0.92982992,0.59530031,0.22349272,2.40396081,-2.02905845,0
row-1808,0.11250489,0.59365902,0.58514851,0.70861655,-1.23123734,-0.34919548,-1.96863662,0.06615555,0
row-1809,2.15463897,1.59797564,-2.53837590,1.07168090,-0.30243100,1.85074584,1.48587044,0.05896826,0
row-1810,1.11872638,-0.05529759,0.44443655,-0.52495740,-0.21430022,0.29493829,-0.24878098,0.09599391,0
row-1811,-1.08575375,-1.43933076,0.05125546,0.98270460,-1.44002143,-0.68771303,-0.54572918,-0.82345570,0
row-1812,0.24161816,-1.15670362,0.31277187,-0.00348424,0.38857490,0.64255069,1.24709531,0.38786391,0
row-1813,0.76053499,0.01022921,1.57070710,0.79796105,-0.41510457,-0.79277301,-0.17583578,1.28648677,0
row-1814,-1.49028453,-2.49727918,2.55000784,-0.92099167,-0.59209413,-1.80736361,0.03803512,1.67624104,0
row-1815,0.71995259,0.28878977,1.13855908,2.38804952,-0.19206959,-0.33265914,0.78459794,-0.86906942,0
row-1816,1.79948732,0.90682432,-0.13675694,0.22295080,0.71330039,-0.45492408,-2.12617587,-0.81113931,0
row-1817,-1.51857173,-0.98177225,3.04965248,0.56342595,-0.38765426,0.06248132,-1.89269319,0.94405460,0
row-1818,1.54133396,0.78409774,-0.17057238,-0.91851777,0.37810419,0.10203467,-1.10606396,-0.69652959,0
row-1819,0.08449041,0.51293008,-1.23808446,-0.84004995,0.11415348,1.41982130,0.36826509,1.36312490,0
row-1820,-2.72936613,-1.63845232,0.30758510,-1.12698934,-0.84747382,-0.63465593,0.57945458,1.17622186,0
row-1821,0.07743555,-1.13613277,-0.52302074,0.62751644,0.36090477,0.46365964,-0.79848282,-0.47965669,0
row-1822,1.01895855,0.92371791,-1.27862529,-0.29244085,1.39937374,0.25039672,-0.77827363,0.31979995,0
row-1823,1.26646894,2.03583033,-0.92384006,0.19035655,-1.62906807,-0.47057562,-0.84056822,0.01895408,0
row-1824,0.47865376,-0.71881869,2.32896295,-0.28712643,0.12378703,0.81490043,-0.66961692,0.76932973,1
row-1825,-0.12404779,0.15703571,0.05718764,0.86885963,0.12246065,0.65516498,-0.83785720,-0.52336408,0
row-1826,0.63526442,0.33073479,1.20656442,1.82005807,0.98690113,-0.86314500,-0.37630527,-0.88676198,0
row-1827,-0.51588031,-0.00130167,-0.64252479,0.81184166,0.95679745,0.04787544,0.94492499,0.78293034,0
row-1828,-1.19597623,-1.67500886,1.08679442,0.76508281,0.41041827,-0.30310304,1.18109720,1.12565018,0
row-1829,-1.46349167,-2.45602170,0.25535199,0.66204268,-0.41469228,-0.63095531,1.64893120,-0.28912308,0
row-1830,0.41564216,0.99375984,-0.09104717,-0.44669294,-1.69704416,0.22114791,-0.82449692,0.93892094,0
row-1831,0.44925840,0.17408163,-2.07484547,-1.18412592,0.72723752,-0.26311282,-0.72205462,-0.38708041,0
row-1832,-0.97617055,-0.65167882,0.46306403,0.10845294,-1.90090680,-0.19089133,-0.58261891,0.21376940,0
row-1833,0.93126230,0.92534811,-0.96050370,-1.58046050,0.25723531,1.28377553,0.59086950,-1.30704483,0
row-1834,0.30882871,1.10311831,-0.69231877,1.43354906,2.18815761,1.68988581,-0.02435524,-0.33480430,0
row-1835,0.80877630,1.84216916,0.03249712,-1.13874010,-0.61949151,1.85263708,-0.47406716,0.67230315,0
row-1836,-1.00745271,-1.11073193,1.81802041,1.17195337,1.27843430,0.13901145,0.03318194,-0.41330991,0
row-1837,1.65105937,0.05850733,1.01007687,0.62840161,0.05565475,0.33047408,2.10173329,0.36525759,0
row-1838,0.08262635,0.35605227,-0.89854165,0.59028694,-0.68003450,-0.73607228,0.58228275,-0.26621022,0
row-1839,-1.29140444,0.12040793,-0.06575945,-1.01409153,2.37128247,0.03452136,0.39860045,-0.07382696,0
row-1840,-0.86323940,0.98077872,1.03482430,-0.61259274,-0.20995445,-0.33592056,-0.94727900,0.06960412,0
row-1841,1.25127974,-0.23855216,0.52000375,0.20127788,0.50157652,-0.41362114,-1.94137024,1.27706416,0
row-1842,-0.21040041,-0.00323641,0.95512080,-0.20833332,0.75677068,0.12482832,0.46098393,-0.46702418,0
row-1843,1.22622988,-0.03080470,-0.78832380,-1.49670881,-0.95257539,-1.46078976,-0.23082140,-0.05968597,0
row-1844,-2.55882858,-0.60259885,0.72180648,-0.14425242,-0.53184333,0.62645387,-0.75381859,-0.27849964,0
row-1845,0.66549956,-1.06683088,-1.70194840,-2.13268274,-0.75969624,0.31102435,-0.63114997,0.13768409,0
row-1846,0.78336987,0.22219367,0.24860297,-1.72392326,-0.40314113,-0.20739264,0.23049002,0.67219001,0
row-1847,1.82690009,0.40335458,-1.17689828,0.92712352,-1.05183999,1.73415151,0.52057537,-0.27654586,0
row-1848,2.48343283,2.14530022,0.79505080,0.48065978,-0.18940941,-0.63038112,1.14343944,0.52696729,1
row-1849,0.58161858,0.30987924,0.15464185,0.96872640,-1.51691436,0.58988492,1.54076112,1.49979381,0
row-1850,-0.50131589,0.56957343,-1.17973255,-1.55015934,0.76706122,-0.71304956,-0.58741875,0.29552331,0
row-1851,0.54840605,-0.23027156,-0.75230560,-0.23471529,1.70645782,1.02082411,1.37676818,-0.87087252,1
row-1852,-0.92577496,-1.23758072,0.42523554,0.32907758,1.55385975,0.50644302,-0.16187905,0.58473746,0
row-1853,2.42671351,1.53082590,-1.87694048,-0.80612273,1.71589511,-0.00645020,1.33820813,0.85951390,0
row-1854,1.13009284,1.21491346,-0.44435059,-0.75252298,0.76877433,0.74723791,-0.71351098,0.71887801,0
row-1855,-2.44395941,-1.36307538,2.64735163,-0.48737302,-1.40605842,0.21105666,-1.86572656,0.05637711,0
row-1856,-0.65742095,0.32216046,-1.64118783,0.32030923,0.71390721,-1.07976130,0.93616849,0.28730561,0
row-1857,0.77721135,2.04785860,-1.61606754,0.10911918,-2.31173296,-0.08412622,0.37215824,0.78931462,0
row-1858,2.88561279,1.87582941,-2.19775509,-0.97234266,0.76205640,-0.51665558,-2.15868918,-0.08938175,0
row-1859,-0.54843493,0.36646832,0.82726270,1.20634537,1.65583640,-0.64971918,0.34044616,0.24646624,0
row-1860,0.45069545,-0.80892509,0.09550122,0.08275335,0.91894161,-0.39167722,-0.96023604,1.20189726,0
row-1861,-1.44231537,-2.31685464,1.31348999,-0.65369672,1.77574148,0.57061204,-0.06961497,0.26190277,0
row-1862,-0.88099875,-0.07188763,0.66401870,1.36394228,-0.24578577,-0.21427957,-0.58873383,-0.86716903,0
row-1863,1.97251868,0.16320803,-0.66250286,0.48957768,-0.98948940,0.04834569,-0.02006509,0.70520944,0
row-1864,-0.44661832,-0.93091310,0.98443480,0.59809200,0.76450764,-0.62892776,0.61421003,0.49941483,0
row-1865,-2.12840239,-2.41539812,0.87724111,0.61645284,-0.13546277,-1.52946865,0.27268839,-0.61467758,0
row-1866,0.40579001,1.21016801,-1.34709866,-0.64616187,1.80426592,-1.35226766,0.00768309,0.13581860,0
row-1867,-1.39357995,0.34787153,1.09876919,0.06276348,-0.69530297,-1.55596900,-0.15426446,-0.35255549,0
row-1868,-0.55936111,0.31928476,-1.20918765,-0.07211448,1.55436848,0.43945678,0.95974006,-0.32281690,0
row-1869,0.39184093,-1.48898243,-0.49825282,0.40587599,-1.12180347,0.34626536,-0.25653104,0.55502015,0
row-1870,0.59208798,1.17848932,-0.50123811,-1.00914728,0.73933394,0.85665332,1.05914658,0.94487027,0
row-1871,1.34821995,0.41295938,-1.16694369,0.02600677,-1.08081827,1.79567938,0.92731484,-0.44394983,1
row-1872,1.55353324,0.30999453,0.84365154,-0.63416366,-0.35680275,0.05260533,1.48483467,0.55018175,0
row-1873,-0.84084677,0.30086239,0.12557789,1.62673059,0.45317833,0.96125557,1.31036475,0.67804529,0
row-1874,-0.29026966,-0.56181865,-0.79096514,0.54786022,1.50780675,0.20963392,1.22546965,0.17754587,0
row-1875,-1.55020589,-1.04291294,0.46594217,1.94180867,1.31883520,0.56317421,0.25481346,0.51423933,0
row-1876,0.44223470,1.88580317,0.55068034,-2.19755693,-0.15714685,0.73349099,0.62767877,0.60849944,0
row-1877,0.11373093,1.20064667,-2.33609994,1.22853643,1.05002972,0.80377375,-0.76516003,-0.15014322,0
row-1878,-1.13904965,0.98475358,0.35461554,0.77936910,-1.27772393,0.95615220,0.26209183,-1.06910626,0
row-1879,0.23528279,-0.79731856,-0.56252872,-0.11444916,-0.34683932,0.82011647,-0.08237384,-0.98708421,0
row-1880,-0.92003043,-2.07356826,1.54538943,-0.03927069,-1.34540544,-0.11301157,-0.69158645,-0.26476314,0
row-1881,0.68670245,1.50003820,0.45328675,-0.58596293,0.06478301,0.17411122,-0.11199374,-0.28378563,0
row-1882,0.88605842,0.83041697,2.68852927,-0.22604449,1.13066466,-2.05416307,-0.14323627,0.21851073,0
row-1883,-0.89067112,-0.34561024,0.29193349,-0.38167409,0.08656852,-1.32913086,-1.14414503,-0.76773625,0
row-1884,-1.50719766,-1.45757501,-0.53236529,0.51202542,1.54808538,0.69823177,0.08777217,-0.93462413,0
row-1885,0.32830891,-1.35045417,-0.32002220,-0.34545181,-0.38172090,0.54070725,0.47925476,0.76892897,0
row-1886,-0.75416395,0.28922628,0.86263584,1.74447042,0.52365731,-0.26333847,2.06856588,1.01813578,0
row-1887,-0.04545313,-0.51242982,-0.56034991,-2.11102218,0.75919207,-1.15653082,-0.69104552,-1.08868304,0
row-1888,0.81233813,-0.55288081,0.52522014,0.86876700,0.74827632,-0.68866482,0.29213387,0.27586412,1
row-1889,2.41728972,1.30490310,0.09318353,-0.98721162,-1.32710572,1.16460979,0.67275480,-0.17391254,0
row-1890,-1.97017550,-0.71054954,1.56538390,1.06494204,0.92757215,-1.76210558,-0.48004727,0.47292480,0
row-1891,-1.18030135,-0.34645477,-0.40946440,0.34323357,0.00683348,-0.03993667,0.51822852,0.26153558,0
row-1892,-0.59982660,0.87704306,-0.73469122,0.86089072,1.22254731,0.94561212,-1.31627254,0.34986606,0
row-1893,1.12132329,1.80231543,-0.21910830,-0.96332489,-1.07512809,2.09808861,-0.13363156,-1.54667520,0
row-1894,-0.87888268,-1.68274585,0.90474853,1.61630103,0.45254317,-0.31142275,-1.84253265,0.70674213,0
row-1895,2.06647931,0.37397719,0.63253255,-1.43821338,0.00654674,0.39498194,0.95111609,0.98068204,0
row-1896,0.37903734,1.67759531,-1.07291128,-0.80448101,1.07366824,-1.08342014,-0.59168003,0.02944216,0
row-1897,1.01916083,2.02457545,-0.78772228,-0.18229689,-0.34209448,-1.58607848,-0.29185460,-0.92780514,0
row-1898,-1.93285363,-2.09371882,-0.08506565,-0.71401504,-0.60315030,0.26121417,-0.47918275,-0.81315854,0
row-1899,-0.69306621,0.13338939,0.82712809,-0.27014264,0.13221947,0.78721310,-1.30613290,0.56370151,0
row-1900,-1.07930824,1.09645411,-1.01827154,-0.84555198,-0.68029617,-0.38644974,-0.39829205,-0.77643099,0
row-1901,-0.06760583,-0.55529064,0.48303358,-1.30115452,-0.16618976,0.12665484,1.74451628,0.04217825,0
row-1902,-1.16487109,-2.30709847,0.75121656,-0.76785364,-1.79241929,-0.17143407,0.78484689,0.62823265,0
row-1903,-0.87903642,-0.87685651,-0.27078313,0.97384790,0.08963189,1.90876208,-1.39995591,-0.16781489,0
row-1904,1.61431492,-0.89344655,-0.52868875,0.83255537,-0.01443143,-0.20551338,-0.12028853,-0.03505218,0
row-1905,-0.73775462,-0.80778203,-1.16535680,-0.09282463,2.58272426,0.16107000,1.53969872,1.41465187,0
row-1906,1.13690861,0.96610280,-0.56936025,-1.02748281,0.74439367,0.15574788,-0.11058835,-0.76366628,0
row-1907,0.13572301,-0.96844748,0.72612572,0.43145813,-1.16848837,-0.43134472,-1.91615238,-0.69727176,0
row-1908,0.91832050,0.46189897,1.12496645,-1.01805585,-0.63803685,-0.06410798,-0.77670666,1.98306784,1
row-1909,-2.05411726,-1.26474084,0.78482567,0.17183961,0.77136781,-0.49144881,-0.10996594,0.11628214,1
row-1910,0.30754469,-0.34412806,0.75216929,-0.20041248,-0.41786362,1.32817886,-1.11852424,-0.41620820,0
row-1911,2.08921585,-0.92654364,-0.64304988,0.29373492,-0.08962699,1.28775708,1.26725164,-2.46914437,0
row-1912,-1.21305460,-0.18452885,1.07278847,1.90353791,0.34099249,1.89165491,-1.13513773,-0.70025545,1
row-1913,-0.20325783,1.03810915,0.59740240,-0.23772996,-0.45929850,-0.49544921,-1.06109664,1.09687883,0
row-1914,0.93627967,-0.15914957,2.19979523,-0.01759871,1.35630007,0.92530290,-0.37890409,-0.13915466,0
row-1915,-0.52129107,1.65023569,-2.44410260,1.30010531,1.20960795,2.04049517,-1.26624579,1.22199963,0
row-1916,1.09319786,-0.31768858,0.92080416,0.37703411,-0.39032977,1.55795135,-0.70416219,0.78927077,0
row-1917,1.86706735,1.34918956,-0.67468143,2.30882900,-0.50185475,-0.66855031,0.20708038,-0.74538654,0
row-1918,0.75146639,-0.80268818,1.23544654,0.21331513,-0.94132406,0.18207151,1.05643838,0.92755344,0
row-1919,2.08860551,0.06786828,-1.34090870,1.07061659,0.47298546,0.26717570,-0.46060232,0.80146194,0
row-1920,1.94374949,1.74417593,-1.75426660,0.75684461,0.01581069,0.44425867,0.45974275,1.69249544,0
row-1921,2.27208548,0.01968854,-0.38962847,1.73111687,1.64615772,2.07299943,-1.05242723,0.03536768,0
row-1922,0.88066805,-0.29095304,-1.42168942,-1.48300403,-0.54113624,-0.38348560,0.79887821,0.62480445,0
row-1923,2.03976106,2.62828395,0.71478168,1.52529644,0.39852663,0.29494946,-1.15908120,-0.01716724,0
row-1924,-1.35975633,1.52345157,1.23540062,-1.39939533,-0.25869278,-0.88330404,1.02410465,-0.05753727,0
row-1925,1.03333698,1.48745234,-1.05935349,0.51843461,0.11778233,-0.83218193,1.13882533,-1.15547501,0
row-1926,0.00498874,1.31726969,-2.08993643,0.96614539,0.89684593,-0.82527295,-2.67230260,-0.75091394,0
row-1927,0.78123416,-0.97575439,0.67918552,0.16557127,-0.24746082,-0.01642001,0.41445453,1.15656356,0
row-1928,-1.06660028,-0.64506589,1.20361245,0.55434112,-1.07958650,-0.51109279,-0.37564289,1.10485392,0
row-1929,-2.04058207,-0.40647405,0.76720595,-1.17990965,-0.37174890,0.49430512,-0.63678080,-0.17767045,0
row-1930,0.65149409,0.41660423,1.66825743,-0.19825131,0.47056482,-0.36825072,-0.95650167,0.33975679,0
row-1931,-0.85368192,0.21173520,1.03471662,-1.61944057,1.13904247,0.37011742,0.61390334,-0.70991736,0
row-1932,-0.69910489,-0.35689907,1.18731117,0.97347216,0.59757431,-0.11250781,-2.32570651,-0.84138383,0
row-1933,1.45874269,-1.60496741,0.59818839,1.80954235,0.89086576,1.03057221,-0.04241709,0.97037976,0
row-1934,-0.35041594,0.42173803,-0.30748786,-1.13193340,-0.69405999,0.26979767,0.04969984,1.28428376,0
row-1935,0.11167387,0.88758545,2.17732206,0.23127868,0.75313516,-1.31730153,-0.24058071,0.37709798,0
row-1936,1.66932785,0.38141235,-1.35848542,-0.33842958,1.41005719,-1.25684152,1.04158076,-1.20085130,0
row-1937,-1.40984316,-1.68902204,0.86461986,-1.16961072,-0.92886044,0.25209382,1.05082538,1.93141957,0
row-1938,-0.25070179,-2.25030598,0.69033932,-1.51131030,-0.72297285,0.84701886,0.86225253,1.02594546,0
row-1939,0.98578745,0.95053931,-0.46774838,-1.11422174,-1.42606807,-0.35483788,-0.73743616,-1.20465345,0
row-1940,0.66948247,-0.29339177,-0.37091051,-1.53992540,-1.24865087,0.89565315,-0.66185558,1.49073994,0
row-1941,-2.38616625,-0.92646269,0.29431690,0.89000736,0.63930367,0.45765178,0.94091606,-0.47225775,0
row-1942,-0.40262933,2.86132129,-0.11920427,0.50165633,0.38817203,0.04957554,0.24043942,-0.90018543,0
row-1943,-1.01306365,0.38390479,0.30979856,-1.29715919,-2.25121637,-1.85652905,0.20602269,-0.35192828,0
row-1944,0.62373293,2.44738397,-0.28092991,-0.10535647,-1.38179587,2.25489223,-1.29708371,-0.26315448,0
row-1945,-1.20944467,-0.56108491,0.35852662,0.06194456,-0.51369494,1.17444648,-0.93503389,0.47475643,0
row-1946,1.83563059,-0.64404713,0.85867245,-0.91139128,-1.37787428,-0.19843411,-0.04890896,-0.44753256,0
row-1947,-1.08701671,-1.61470959,1.01628702,0.47284455,-1.30559597,1.01846730,0.94579896,0.90552051,0
row-1948,-0.20293526,0.08336681,2.12462651,0.91934344,0.92688624,-0.53029384,0.08634668,0.61831864,0
row-1949,0.59174120,1.44483077,-1.78448245,-0.38604383,-0.78312915,1.09153358,0.95102692,0.70072613,1
row-1950,1.01195237,0.90984094,-0.07012766,0.26174826,1.08060644,-1.76210526,1.27246383,1.62352791,0
row-1951,-1.23034978,-0.64274800,0.39404797,-0.54831474,-0.65018873,0.25803869,-0.92793458,1.29974395,0
row-1952,-0.28156130,-1.50798361,1.87386479,0.11100796,0.04423674,-0.44313529,0.76166316,1.17076628,0
row-1953,-0.86734696,-0.91070570,-0.01936651,-0.61582872,-0.21429650,-0.36580476,-0.49895564,0.85207001,0
row-1954,1.00970739,-0.63880348,-0.58356497,0.42287906,-0.68041264,-0.54738774,0.51512715,1.32761783,1
row-1955,-1.13898843,-1.87238142,1.23917228,-0.59908246,0.09946050,0.21739970,0.73125154,1.12718526,0
row-1956,1.42695647,0.24068592,-0.18339842,0.00245572,0.62434673,1.57783019,0.89613012,-0.07437661,0
row-1957,1.71908447,0.92483704,0.28393342,-0.86836580,-0.83238057,-2.38550183,-0.93735422,1.88839277,0
row-1958,0.28067589,-1.27980763,-0.18067094,0.13970031,-0.26092503,-0.36063954,0.36840425,0.48000812,0
row-1959,2.05935452,0.84087009,-0.40103189,0.76312235,-0.68148628,0.05748589,1.31108850,1.47440782,0
row-1960,0.12214654,0.33477422,0.60059198,1.25063512,1.11746362,0.10989485,0.86626229,0.05017958,0
row-1961,-0.93632642,1.08258913,-1.07366853,0.49760584,-0.67037567,-1.86839234,-0.73737457,-1.15031058,0
row-1962,1.82764385,0.97680770,-1.38415458,-1.92453843,-0.45030433,1.10498120,-0.44971081,0.19382204,0
row-1963,-1.99591769,-2.33947717,1.50635426,-0.57943162,0.43709121,-0.77838577,-0.00955759,-1.09954049,0
row-1964,-0.02641461,0.13752687,0.57879243,-0.66117291,-0.81791732,-1.21144835,-0.41728855,0.34486768,0
row-1965,-0.73226960,1.48658958,-0.39262624,1.58361520,0.32090071,-0.59250529,1.26342568,-0.43601995,0
row-1966,-1.47513589,-0.58305508,-0.10160090,-1.42685049,0.27317799,-0.75854062,0.92702211,-0.07711889,0
row-1967,-0.87079476,0.62594202,1.17849764,0.06644349,0.01423852,0.12932979,2.20389205,0.17284227,0
row-1968,0.61863371,-0.81274425,-0.55734895,-0.18926557,0.10539920,-0.96422491,-0.27981203,-1.02270682,0
row-1969,4.35403376,1.45093775,0.60091463,1.10147010,0.27213122,-0.55380535,0.22926761,0.13557394,1
row-1970,-1.30046938,0.08611460,0.96355082,-0.03674303,0.19596669,-0.30992135,-1.12665184,-1.30946892,0
row-1971,-0.42633403,-0.18639773,-0.07561326,3.47273051,0.07787177,1.26280666,1.24068863,0.63494732,0
row-1972,-0.81958283,2.04391898,-0.60477067,0.49689385,0.63397238,0.22828483,-0.07082979,-0.15864933,0
row-1973,-0.83373004,-0.07976931,0.54138914,2.32552519,-0.53055585,0.35150584,-2.16824872,2.21801521,0
row-1974,-0.14544881,0.74534413,-0.31543978,0.76138025,-1.33714950,-0.28460806,-0.54536960,1.00062107,0
row-1975,0.57864765,0.32055494,-0.82095789,1.14817472,0.79585216,0.57225774,0.14769824,0.04825750,0
row-1976,-1.27969056,-0.92681640,0.21663886,1.57214141,-0.74019095,0.88568488,0.17934339,0.26229781,0
row-1977,-0.57159575,-2.18478966,1.42107398,0.40295674,-1.05458638,0.67606443,0.89248484,0.17710232,0
row-1978,-0.75804128,0.48737482,0.90103491,1.63037956,1.88629141,-0.14527477,-0.06080219,0.20954670,0
row-1979,-1.13779340,-0.31067522,0.62038258,-1.43399472,0.20941449,0.39054761,0.51978637,1.75587089,0
row-1980,-2.00863571,-1.44596167,0.82851295,-0.42696618,0.35390653,1.31697422,1.23594733,-0.04932726,0
row-1981,1.86876571,0.63004593,-1.45784313,0.26740695,-1.29786136,0.03280552,-3.00477227,-0.91731822,0
row-1982,2.31593632,0.38530955,-0.59801486,-2.38595938,1.57669213,0.43932120,0.56416857,-0.62732439,0
row-1983,2.23062624,1.08415344,-1.24540988,0.33917704,-0.44566281,0.33543962,0.92376353,1.99830409,0
row-1984,0.25675823,2.08780739,-0.66331896,-0.09499614,-0.15907220,-0.22265777,1.63073617,-1.81358958,0
row-1985,1.18014126,-0.20243849,1.31172892,0.21204735,-1.23101517,0.67006088,-0.28662160,0.65324401,0
row-1986,1.26198641,-0.29827586,-1.56732247,-0.39525718,1.21367496,1.47792383,-0.27701092,-0.11728188,0
row-1987,0.55835792,-0.59955165,-1.09491631,0.79132251,0.32146281,0.34847287,-0.43527049,-0.76216250,0
row-1988,0.77402463,1.16931085,-1.16201127,-1.86562664,0.87980157,1.55712246,-0.06492573,-0.19751658,0
row-1989,-1.35807363,-1.76099432,-0.93266719,-0.60999732,1.00691394,-0.65418914,-0.61067357,0.32924889,0
row-1990,-0.07333612,1.04187413,0.20797740,-0.29376178,0.71604602,-0.72251174,-0.05080001,0.54996328,0
row-1991,-0.33126109,-0.12557418,-0.57344295,-0.50703183,-0.94510876,-0.88429467,0.72606367,0.43404894,0
row-1992,1.54060030,0.68223033,-1.95324481,0.94800162,-1.89338580,0.98647544,-0.15951423,1.36135645,0
row-1993,0.32804353,-1.75019727,1.04763863,-0.10306588,-0.12777213,1.06432606,-2.32792738,0.77182461,0
row-1994,-0.50910939,-1.44417695,-0.35518835,-0.44393254,0.96597750,1.17610428,1.57742328,1.72505170,0
row-1995,3.43267354,3.66798122,-2.23298967,-1.51724750,0.62940078,-0.70297861,-0.97644023,1.80684932,0
row-1996,-0.04259055,1.25374274,0.17699934,-1.27046779,1.24043795,-0.12517633,-3.19964802,-1.28518143,0
row-1997,0.34024575,0.21782365,-2.05772480,-0.22591739,-0.39507604,-0.18026414,-0.01361591,1.02089134,0
row-1998,1.33281126,1.19317143,-1.03916493,-1.49799599,-0.67883611,0.42185008,0.59837687,-0.26447943,0
row-1999,-1.98045700,0.07512683,-0.92057228,-2.13433537,-0.98191504,-0.51729079,-0.06346692,-0.29579258,0
